"obs","freq","id.female","id.male","first.arriver","sex.gesture","first.feeder","first.feeder.num","sex.gesture.num","first.arriver.num"
"AA13B",2,"13Bfemale","13Bmale","female","female","male",1,0,0
"AA22C",2,"22Cfemale","22Cmale","female","none","male",1,1,0
"AA33C",1,NA,"33Cmale","male","none","male",1,1,1
"AA36C",2,"36Cfemale","36Cmale","male","none","male",1,1,1
"AA53C",1,NA,"53Cmale","male","none","male",1,1,1
"B41C",2,"41Cfemale","41Cmale","female","none","male",1,1,0
"BB13B",2,"13Bfemale","13Bmale","female","none","male",1,1,0
"BB33C",2,"33Cfemale","33Cmale","female","female","female",0,0,0
"BB35C",2,"35Cfemale","35Cmale","female","none","male",1,1,0
"BBB39B",1,NA,"39Bmale","male","none","male",1,1,1
"C22C",2,"22Cfemale","22Cmale","female","female","male",1,0,0
"C23C",2,"23Cfemale","23Cmale","female","female","male",1,0,0
"C43C",2,"43Cfemale","43Cmale","female","none","male",1,1,0
"CC13B",2,"13Bfemale","13Bmale","female","none","male",1,1,0
"CC35C",2,"35Cfemale","35Cmale","female","female","male",1,0,0
"CC53C",2,"53Cfemale","53Cmale","male","none","female",0,1,1
"CCC39B",2,"39Bfemale","39Bmale","male","none","male",1,1,1
"D22C",2,"22Cfemale","22Cmale","female","none","male",1,1,0
"D23C",2,"23Cfemale","23Cmale","female","female","male",1,0,0
"D35C",2,"35Cfemale","35Cmale","female","none","male",1,1,0
"DD13B",2,"13Bfemale","13Bmale","female","female","male",1,0,0
"DD33C",2,"33Cfemale","33Cmale","male","none","male",1,1,1
"DD35C",2,"35Cfemale","35Cmale","female","female","male",1,0,0
"DDD39B",2,"39Bfemale","39Bmale","female","none","male",1,1,0
"E22C",2,"22Cfemale","22Cmale","female","none","male",1,1,0
"E23C",2,"23Cfemale","23Cmale","female","female","male",1,0,0
"EE23C",2,"23Cfemale","23Cmale","male","female","male",1,0,1
"EE33C",2,"33Cfemale","33Cmale","female","none","male",1,1,0
"EE35C",2,"35Cfemale","35Cmale","female","female","male",1,0,0
"EEE22C",2,"22Cfemale","22Cmale","female","none","female",0,1,0
"EEE39B",1,NA,"39Bmale","male","none","male",1,1,1
"EEEE13C",2,"13Bfemale","13Bmale","male","none","female",0,1,1
"F22C",2,"22Cfemale","22Cmale","female","none","male",1,1,0
"F23C",2,"23Cfemale","23Cmale","female","female","male",1,0,0
"F35C",2,"35Cfemale","35Cmale","female","none","male",1,1,0
"F43C",2,"43Cfemale","43Cmale","male","none","male",1,1,1
"FF23C",2,"23Cfemale","23Cmale","male","none","male",1,1,1
"FF36C",1,NA,"36Cmale","male","none","male",1,1,1
"G22C",2,"22Cfemale","22Cmale","female","female","male",1,0,0
"G23C",2,"23Cfemale","23Cmale","female","female","male",1,0,0
"G35C",2,"35Cfemale","35Cmale","female","none","male",1,1,0
"GG23C",2,"23Cfemale","23Cmale","female","none","male",1,1,0
"GGG36C",2,"36Cfemale","36Cmale","female","none","male",1,1,0
"HH23C",2,"23Cfemale","23Cmale","male","none","male",1,1,1
"HHH13C",2,"13Bfemale","13Bmale","female","none","male",1,1,0
"I22C",2,"22Cfemale","22Cmale","female","female","male",1,0,0
"I23C",2,"23Cfemale","23Cmale","male","female","male",1,0,1
"II33C",1,NA,"33Cmale","male","none","male",1,1,1
"II36C",2,"36Cfemale","36Cmale","female","none","male",1,1,0
"J22C",2,"22Cfemale","22Cmale","female","none","male",1,1,0
"J36C",2,"36Cfemale","36Cmale","female","female","male",1,0,0
"J39B",1,NA,"39Bmale","male","none","male",1,1,1
"JJ33C",1,NA,"33Cmale","male","none","male",1,1,1
"JJJ39B",1,NA,"39Bmale","male","none","male",1,1,1
"K22C",2,"22Cfemale","22Cmale","female","female","male",1,0,0
"K23C",2,"23Cfemale","23Cmale","female","female","male",1,0,0
"K39B",2,"39Bfemale","39Bmale","female","none","male",1,1,0
"KK33C",1,NA,"33Cmale","male","none","male",1,1,1
"KKK39B",1,NA,"39Bmale","male","none","male",1,1,1
"L13B",2,"13Bfemale","13Bmale","female","none","male",1,1,0
"L13C",2,"13Cfemale","13Cmale","female","none","male",1,1,0
"L22C",2,"22Cfemale","22Cmale","female","none","male",1,1,0
"L23C",2,"23Cfemale","23Cmale","female","female","male",1,0,0
"L36C",2,"36Cfemale","36Cmale","male","female","male",1,0,1
"L39B",2,"39Bfemale","39Bmale","female","none","male",1,1,0
"L43C",2,"43Cfemale","43Cmale","female","none","male",1,1,0
"LL33C",2,"33Cfemale","33Cmale","male","none","female",0,1,1
"LL36C",2,"36Cfemale","36Cmale","female","female","male",1,0,0
"LLL36C",2,"36Cfemale","36Cmale","female","female","male",1,0,0
"M22C",2,"22Cfemale","22Cmale","female","none","male",1,1,0
"M23C",2,"23Cfemale","23Cmale","female","female","male",1,0,0
"M36C",2,"36Cfemale","36Cmale","female","none","male",1,1,0
"M39B",2,"39Bfemale","39Bmale","male","none","male",1,1,1
"MM36C",1,"36Cfemale","36Cmale","female","none","male",1,1,0
"N22C",2,"22Cfemale","22Cmale","female","none","male",1,1,0
"N23C",2,"23Cfemale","23Cmale","female","female","male",1,0,0
"N33C",1,NA,"33Cmale","male","none","male",1,1,1
"N35C",2,"35Cfemale","35Cmale","female","none","male",1,1,0
"N36C",2,"36Cfemale","36Cmale","female","female","male",1,0,0
"N41C",2,"41Cfemale","41Cmale","female","none","male",1,1,0
"N53C",2,"53Cfemale","53Cmale","female","none","male",1,1,0
"NN33C",1,NA,"33Cmale","male","none","male",1,1,1
"NN36C",2,"36Cfemale","36Cmale","female","none","male",1,1,0
"O13C",2,"13Cfemale","13Cmale","female","none","male",1,1,0
"O22C",2,"22Cfemale","22Cmale","female","female","male",1,0,0
"O23C",2,"23Cfemale","23Cmale","female","female","male",1,0,0
"O33C",1,NA,"33Cmale","male","none","male",1,1,1
"O35C",2,"35Cfemale","35Cmale","female","none","male",1,1,0
"O36C",2,"36Cfemale","36Cmale","male","female","male",1,0,1
"O41C",2,"41Cfemale","41Cmale","female","none","male",1,1,0
"P13B",2,"13Bfemale","13Bmale","female","female","male",1,0,0
"P13C",2,"13Cfemale","13Cmale","female","none","male",1,1,0
"P22C",2,"22Cfemale","22Cmale","female","none","male",1,1,0
"P23C",2,"23Cfemale","23Cmale","female","female","male",1,0,0
"P33C",2,"33Cfemale","33Cmale","male","female","male",1,0,1
"P35C",2,"35Cfemale","35Cmale","female","female","male",1,0,0
"P36C",2,"36Cfemale","36Cmale","male","none","male",1,1,1
"P41C",2,"41Cfemale","41Cmale","female","none","male",1,1,0
"PP36C",2,"36Cfemale","36Cmale","female","none","male",1,1,0
"Q13B",2,"13Bfemale","13Bmale","female","none","male",1,1,0
"Q13C",2,"13Cfemale","13Cmale","female","none","male",1,1,0
"Q33C",1,NA,"33Cmale","male","none","male",1,1,1
"Q35C",2,"35Cfemale","35Cmale","female","none","male",1,1,0
"Q39B",2,"39Bfemale","39Bmale","male","none","male",1,1,1
"Q41C",2,"41Cfemale","41Cmale","female","none","male",1,1,0
"Q53C",2,"53Cfemale","53Cmale","male","none","male",1,1,1
"R13B",2,"13Bfemale","13Bmale","female","none","male",1,1,0
"R22C",2,"22Cfemale","22Cmale","female","none","male",1,1,0
"R36C",1,NA,"36Cmale","male","none","male",1,1,1
"R39B",2,"39Bfemale","39Bmale","male","none","male",1,1,1
"R41C",2,"41Cfemale","41Cmale","female","female","male",1,0,0
"R53C",2,"53Cfemale","53Cmale","male","none","male",1,1,1
"RR23C",2,"23Cfemale","23Cmale","male","none","male",1,1,1
"RRR13C",2,"13Bfemale","13Bmale","male","none","male",1,1,1
"RRR36C",2,"36Cfemale","36Cmale","female","female","male",1,0,0
"S13B",2,"13Bfemale","13Bmale","female","none","male",1,1,0
"S13C",2,"13Cfemale","13Cmale","female","none","male",1,1,0
"S23C",2,"23Cfemale","23Cmale","male","female","male",1,0,1
"S35C",2,"35Cfemale","35Cmale","female","female","male",1,0,0
"S36C",2,"36Cfemale","36Cmale","female","female","male",1,0,0
"S41C",2,"41Cfemale","41Cmale","female","female","male",1,0,0
"SS13B",2,"13Bfemale","13Bmale","male","female","male",1,0,1
"T13B",2,"13Bfemale","13Bmale","female","none","male",1,1,0
"T13C",2,"13Cfemale","13Cmale","female","none","male",1,1,0
"T22C",2,"22Cfemale","22Cmale","female","none","female",0,1,0
"T33C",2,"33Cfemale","33Cmale","female","none","male",1,1,0
"T36C",2,"36Cfemale","36Cmale","female","none","male",1,1,0
"T41C",2,"41Cfemale","41Cmale","female","none","male",1,1,0
"T53C",2,"53Cfemale","53Cmale","male","none","male",1,1,1
"TT33C",2,"33Cfemale","33Cmale","female","female","male",1,0,0
"TTT13C",1,NA,"13Bmale","male","none","female",0,1,1
"U13C",2,"13Cfemale","13Cmale","female","female","male",1,0,0
"U33C",1,"33Cfemale","33Cmale","female","none","male",1,1,0
"U35C",2,"35Cfemale","35Cmale","female","none","male",1,1,0
"U36C",2,"36Cfemale","36Cmale","female","female","male",1,0,0
"U39B",1,"39Bfemale","39Bmale","female","none","female",0,1,0
"U41C",2,"41Cfemale","41Cmale","female","none","male",1,1,0
"U53C",2,"53Cfemale","53Cmale","female","none","male",1,1,0
"UU23C",2,"23Cfemale","23Cmale","male","female","male",1,0,1
"UUU36C",2,"36Cfemale","36Cmale","female","none","male",1,1,0
"V13B",2,"13Bfemale","13Bmale","female","none","male",1,1,0
"V33C",1,NA,"33Cmale","male","none","male",1,1,1
"V35C",2,"35Cfemale","35Cmale","female","none","male",1,1,0
"V41C",2,"41Cfemale","41Cmale","female","none","male",1,1,0
"VV36C",2,"36Cfemale","36Cmale","female","female","female",0,0,0
"W13C",2,"13Cfemale","13Cmale","female","none","male",1,1,0
"W22C",2,"22Cfemale","22Cmale","female","female","male",1,0,0
"W33C",1,NA,"33Cmale","male","none","male",1,1,1
"W35C",2,"35Cfemale","35Cmale","female","none","male",1,1,0
"W36C",2,"36Cfemale","36Cmale","female","none","male",1,1,0
"W41C",2,"41Cfemale","41Cmale","female","female","male",1,0,0
"WWW13C",1,NA,"13Bmale","male","none","male",1,1,1
"X23C",2,"23Cfemale","23Cmale","male","female","male",1,0,1
"X33C",1,NA,"33Cmale","male","none","male",1,1,1
"X35C",2,"35Cfemale","35Cmale","female","none","male",1,1,0
"X36C",2,"36Cfemale","36Cmale","female","female","male",1,0,0
"X41C",2,"41Cfemale","41Cmale","female","none","male",1,1,0
"X53C",2,"53Cfemale","53Cmale","female","none","female",0,1,0
"Y23C",2,"23Cfemale","23Cmale","female","female","male",1,0,0
"Y33C",2,"33Cfemale","33Cmale","female","none","male",1,1,0
"Y35C",2,"35Cfemale","35Cmale","female","none","male",1,1,0
"Y36C",2,"36Cfemale","36Cmale","female","none","male",1,1,0
"Y53C",2,"53Cfemale","53Cmale","female","none","female",0,1,0
"Z13B",2,"13Bfemale","13Bmale","female","none","male",1,1,0
"Z22C",2,"22Cfemale","22Cmale","female","none","male",1,1,0
"Z35C",2,"35Cfemale","35Cmale","female","female","male",1,0,0
"Z41C",2,"41Cfemale","41Cmale","female","none","male",1,1,0
