date,nest,obs,ID,hour,sex,mate_presence,arrival_order,first_feeder,feeding,gesture,gesture_mate,time,observer,ceased_wing.fluttering,mate_presence.num,sex.num
4/25/2025,23C,H23C,23Cfemale,9h32,female,no,1,female,1,0,0,NA,MD-TL-SB,NA,0,0
4/25/2025,23C,Q23C,23Cfemale,10h19,female,no,1,female,1,0,0,NA,MD-TL-SB,NA,0,0
4/25/2025,23C,R23C,23Cfemale,10h22,female,no,1,female,1,0,0,NA,MD-TL-SB,NA,0,0
4/25/2025,23C,T23C,23Cfemale,10h29,female,no,1,female,1,0,0,NA,MD-TL-SB,NA,0,0
4/25/2025,23C,U23C,23Cfemale,10h31,female,no,1,female,1,0,0,NA,MD-TL-SB,NA,0,0
4/25/2025,23C,W23C,23Cfemale,10h33,female,no,1,female,1,0,0,NA,MD-TL-SB,NA,0,0
4/25/2025,23C,AA23C,23Cfemale,10h38,female,yes,NA,female,1,1,0,NA,MD-TL-SB,NA,1,0
4/25/2025,23C,AA23C,23Cmale,10h38,male,yes,NA,female,1,0,1,NA,MD-TL-SB,NA,1,1
4/25/2025,23C,KK23C,23Cfemale,10h53,female,yes,NA,female,1,0,0,NA,MD-TL-SB,NA,1,0
4/25/2025,23C,KK23C,23Cmale,10h53,male,yes,NA,female,1,0,0,NA,MD-TL-SB,NA,1,1
4/25/2025,23C,LL23C,23Cfemale,10h57,female,no,1,female,1,0,0,NA,MD-TL-SB,NA,0,0
4/25/2025,23C,MM23C,23Cfemale,11h00,female,no,1,female,1,0,0,NA,MD-TL-SB,NA,0,0
4/25/2025,23C,NN23C,23Cfemale,11h01,female,no,1,female,1,0,0,NA,MD-TL-SB,NA,0,0
4/25/2025,23C,OO23C,23Cfemale,11h02,female,no,1,female,1,0,0,NA,MD-TL-SB,NA,0,0
4/25/2025,23C,PP23C,23Cfemale,11h03,female,no,1,female,1,0,0,NA,MD-TL-SB,NA,0,0
4/25/2025,23C,QQ23C,23Cfemale,11h05,female,no,1,female,1,0,0,NA,MD-TL-SB,NA,0,0
4/25/2025,23C,TT23C,23Cfemale,11h08,female,no,1,female,1,0,0,NA,MD-TL-SB,NA,0,0
4/25/2025,23C,VV23C,23Cfemale,11h12,female,no,1,female,1,0,0,NA,MD-TL-SB,NA,0,0
4/25/2025,23C,XX23C,23Cfemale,11h14,female,no,1,female,1,0,0,NA,MD-TL-SB,NA,0,0
4/25/2025,23C,C23C,23Cmale,9h16,male,yes,2,male,1,0,1,75.39,MD-TL-SB,NA,1,1
4/25/2025,23C,C23C,23Cfemale,9h16,female,yes,1,male,0,1,0,NA,MD-TL-SB,1,1,0
4/25/2025,23C,D23C,23Cfemale,9h20,female,yes,1,male,0,1,0,NA,MD-TL-SB,1,1,0
4/25/2025,23C,D23C,23Cmale,9h20,male,yes,2,male,1,0,1,7.7,MD-TL-SB,NA,1,1
4/25/2025,23C,E23C,23Cfemale,9h23,female,yes,1,male,0,1,0,NA,MD-TL-SB,NA,1,0
4/25/2025,23C,E23C,23Cmale,9h23,male,yes,2,male,1,0,1,14.23,MD-TL-SB,NA,1,1
4/25/2025,23C,F23C,23Cfemale,9h25,female,yes,1,male,0,1,0,NA,MD-TL-SB,1,1,0
4/25/2025,23C,F23C,23Cmale,9h25,male,yes,2,male,1,0,1,67.98,MD-TL-SB,NA,1,1
4/25/2025,23C,G23C,23Cfemale,9h27,female,yes,1,male,0,1,0,NA,MD-TL-SB,NA,1,0
4/25/2025,23C,G23C,23Cmale,9h27,male,yes,2,male,1,0,1,8.6,MD-TL-SB,NA,1,1
4/25/2025,23C,I23C,23Cmale,9h35,male,yes,1,male,1,0,1,60.8,MD-TL-SB,NA,1,1
4/25/2025,23C,I23C,23Cfemale,9h35,female,yes,2,male,1,1,0,NA,MD-TL-SB,1,1,0
4/25/2025,23C,J23C,23Cmale,9h41,male,no,1,male,1,0,0,102.2,MD-TL-SB,NA,0,1
4/25/2025,23C,K23C,23Cfemale,9h45,female,yes,1,male,0,1,0,NA,MD-TL-SB,0,1,0
4/25/2025,23C,K23C,23Cmale,9h45,male,yes,2,male,1,0,1,18.64,MD-TL-SB,NA,1,1
4/25/2025,23C,L23C,23Cfemale,9h51,female,yes,1,male,0,1,0,NA,MD-TL-SB,0,1,0
4/25/2025,23C,L23C,23Cmale,9h51,male,yes,2,male,1,0,1,13.39,MD-TL-SB,NA,1,1
4/25/2025,23C,M23C,23Cfemale,9h53,female,yes,1,male,0,1,0,NA,MD-TL-SB,NA,1,0
4/25/2025,23C,M23C,23Cmale,9h53,male,yes,2,male,1,0,1,14.37,MD-TL-SB,NA,1,1
4/25/2025,23C,N23C,23Cfemale,10h00,female,yes,1,male,0,1,0,NA,MD-TL-SB,NA,1,0
4/25/2025,23C,N23C,23Cmale,10h00,male,yes,2,male,1,0,1,NA,MD-TL-SB,NA,1,1
4/25/2025,23C,O23C,23Cfemale,10h11,female,yes,1,male,0,1,0,NA,MD-TL-SB,NA,1,0
4/25/2025,23C,O23C,23Cmale,10h11,male,yes,2,male,1,0,1,NA,MD-TL-SB,NA,1,1
4/25/2025,23C,P23C,23Cfemale,10h16,female,yes,1,male,0,1,0,NA,MD-TL-SB,1,1,0
4/25/2025,23C,P23C,23Cmale,10h16,male,yes,2,male,1,0,1,NA,MD-TL-SB,NA,1,1
4/25/2025,23C,S23C,23Cfemale,10h25,female,yes,2,male,1,1,0,NA,MD-TL-SB,1,1,0
4/25/2025,23C,S23C,23Cmale,10h25,male,yes,1,male,1,0,1,26.47,MD-TL-SB,NA,1,1
4/25/2025,23C,V23C,23Cmale,10h31,male,no,1,male,1,0,0,NA,MD-TL-SB,NA,0,1
4/25/2025,23C,X23C,23Cmale,10h35,male,yes,1,male,1,0,1,NA,MD-TL-SB,NA,1,1
4/25/2025,23C,X23C,23Cfemale,10h35,female,yes,2,male,0,1,0,NA,MD-TL-SB,NA,1,0
4/25/2025,23C,Y23C,23Cmale,10h36,male,yes,2,male,1,0,1,11.36,MD-TL-SB,NA,1,1
4/25/2025,23C,Y23C,23Cfemale,10h36,female,yes,1,male,1,1,0,NA,MD-TL-SB,1,1,0
4/25/2025,23C,Z23C,23Cmale,10h37,male,no,1,male,1,0,0,NA,MD-TL-SB,NA,0,1
4/25/2025,23C,BB23C,23Cmale,10h39,male,no,1,male,1,0,0,NA,MD-TL-SB,NA,0,1
4/25/2025,23C,EE23C,23Cmale,10h45,male,yes,1,male,1,0,1,30.8,MD-TL-SB,NA,1,1
4/25/2025,23C,EE23C,23Cfemale,10h45,female,yes,2,male,1,1,0,NA,MD-TL-SB,0,1,0
4/25/2025,23C,FF23C,23Cmale,10h47,male,yes,1,male,1,0,0,45.13,MD-TL-SB,NA,1,1
4/25/2025,23C,FF23C,23Cfemale,10h47,female,yes,2,male,1,0,0,NA,MD-TL-SB,NA,1,0
4/25/2025,23C,GG23C,23Cmale,10h48,male,yes,2,male,1,0,0,3.8,MD-TL-SB,NA,1,1
4/25/2025,23C,GG23C,23Cfemale,10h48,female,yes,1,male,1,0,0,NA,MD-TL-SB,NA,1,0
4/25/2025,23C,HH23C,23Cmale,10h49,male,yes,1,male,1,0,0,24.34,MD-TL-SB,NA,1,1
4/25/2025,23C,HH23C,23Cfemale,10h49,female,yes,2,male,1,0,0,NA,MD-TL-SB,NA,1,0
4/25/2025,23C,II23C,23Cmale,10h51,male,yes,1,male,1,0,1,3.6,MD-TL-SB,NA,1,1
4/25/2025,23C,II23C,23Cfemale,10h51,female,yes,1,male,1,1,0,NA,MD-TL-SB,1,1,0
4/25/2025,23C,RR23C,23Cfemale,11h07,female,yes,2,male,1,0,0,NA,MD-TL-SB,NA,1,0
4/25/2025,23C,RR23C,23Cmale,11h07,male,yes,1,male,1,0,0,NA,MD-TL-SB,NA,1,1
4/25/2025,23C,UU23C,23Cmale,11h09,male,yes,1,male,1,0,1,11.72,MD-TL-SB,NA,1,1
4/25/2025,23C,UU23C,23Cfemale,11h09,female,yes,2,male,1,1,0,NA,MD-TL-SB,1,1,0
4/25/2025,23C,WW23C,23Cmale,11h13,male,no,1,male,1,0,0,NA,MD-TL-SB,NA,0,1
4/25/2025,23C,ZZ23C,23Cfemale,9h,female,no,1,NA,0,0,0,NA,MD-TL-SB,NA,0,0
4/25/2025,23C,AAA23C,23Cmale,9h01,male,no,2,NA,0,0,0,NA,MD-TL-SB,NA,0,1
4/25/2025,23C,B23C,23Cfemale,9h10 ,female,yes,2,NA,0,1,0,NA,MD-TL-SB,NA,1,0
4/25/2025,23C,B23C,23Cmale,9h10 ,male,yes,1,NA,0,0,1,NA,MD-TL-SB,NA,1,1
4/25/2025,23C,CCC23C,23Cfemale,9h12,female,yes,1,NA,0,0,0,NA,MD-TL-SB,NA,1,0
4/25/2025,23C,CCC23C,23Cmale,9h12,male,yes,2,NA,0,0,0,NA,MD-TL-SB,NA,1,1
4/25/2025,23C,BBB23C,23Cfemale,9h15,female,yes,1,NA,0,1,0,NA,MD-TL-SB,NA,1,0
4/25/2025,23C,BBB23C,23Cmale,9h15,male,yes,2,NA,0,0,1,NA,MD-TL-SB,NA,1,1
4/25/2025,23C,DDD23C,23Cfemale,9h18,female,no,1,NA,0,0,0,NA,MD-TL-SB,NA,0,0
4/25/2025,23C,CC23C,23Cmale,10h40,male,yes,2,NA,0,1,0,NA,MD-TL-SB,NA,1,1
4/25/2025,23C,CC23C,23Cfemale,10h40,female,yes,1,NA,0,0,1,NA,MD-TL-SB,NA,1,0
4/25/2025,23C,DD23C,23Cmale,10h43,male,yes,2,NA,0,1,1,NA,MD-TL-SB,NA,1,1
4/25/2025,23C,DD23C,23Cfemale,10h43,female,yes,1,NA,0,1,1,NA,MD-TL-SB,NA,1,0
4/28/2025,38C,I38C,38Cfemale,10h17,female,no,1,female,1,0,0,NA,KT-MD-ML,NA,0,0
4/28/2025,38C,S38C,38Cfemale,10h50,female,no,1,female,1,0,0,NA,KT-MD-ML,NA,0,0
4/28/2025,38C,U38C,38Cfemale,11h14,female,no,1,female,1,0,0,NA,KT-MD-ML,NA,0,0
4/28/2025,43C,B43C,43Cmale,10h06,male,no,1,male,1,0,0,NA,RB-CH-SB,NA,0,1
4/28/2025,43C,QQ43C,43Cmale,10h08,male,no,1,male,0,0,0,NA,RB-CH-SB,NA,0,1
4/28/2025,43C,C43C,43Cmale,10h10,male,yes,2,male,1,0,0,26,RB-CH-SB,NA,1,1
4/28/2025,43C,C43C,43Cfemale,10h10,female,yes,1,male,0,0,0,NA,RB-CH-SB,NA,1,0
4/28/2025,43C,D43C,43Cmale,10h13,male,no,1,male,1,0,0,NA,RB-CH-SB,NA,0,1
4/28/2025,43C,E43C,43Cmale,10h18,male,no,1,male,1,0,0,NA,RB-CH-SB,NA,0,1
4/28/2025,43C,F43C,43Cmale,10h20,male,yes,1,male,1,0,0,12.68,RB-CH-SB,NA,1,1
4/28/2025,43C,F43C,43Cfemale,10h20,female,yes,2,male,0,0,0,NA,RB-CH-SB,NA,1,0
4/28/2025,43C,G43C,43Cmale,10h37,male,no,1,male,1,0,0,NA,RB-CH-SB,NA,0,1
4/28/2025,43C,H43C,43Cmale,10h40,male,no,1,male,1,0,0,NA,RB-CH-SB,NA,0,1
4/28/2025,43C,I43C,43Cmale,10h41,male,no,1,male,1,0,0,NA,RB-CH-SB,NA,0,1
4/28/2025,43C,L43C,43Cmale,10h47,male,yes,2,male,1,0,0,16.1,RB-CH-SB,NA,1,1
4/28/2025,43C,L43C,43Cfemale,10h47,female,yes,1,male,0,0,0,NA,RB-CH-SB,NA,1,0
4/28/2025,43C,N43C,43Cmale,10h50,male,no,1,male,1,0,0,NA,RB-CH-SB,NA,0,1
4/28/2025,43C,Q43C,43Cmale,10h54,male,no,1,male,1,0,0,NA,RB-CH-SB,NA,0,1
4/28/2025,43C,R43C,43Cmale,10h55,male,no,1,male,1,0,0,NA,RB-CH-SB,NA,0,1
4/28/2025,43C,S43C,43Cmale,10h55,male,no,1,male,1,0,0,NA,RB-CH-SB,NA,0,1
4/28/2025,43C,T43C,43Cmale,10h57,male,no,1,male,1,0,0,NA,RB-CH-SB,NA,0,1
4/28/2025,43C,U43C,43Cmale,10h58,male,no,1,male,1,0,0,NA,RB-CH-SB,NA,0,1
4/28/2025,43C,V43C,43Cmale,10h59,male,no,1,male,1,0,0,NA,RB-CH-SB,NA,0,1
4/28/2025,43C,W43C,43Cmale,11h00,male,no,1,male,1,0,0,NA,RB-CH-SB,NA,0,1
4/28/2025,43C,X43C,43Cmale,11h01,male,no,1,male,1,0,0,NA,RB-CH-SB,NA,0,1
4/28/2025,43C,Y43C,43Cmale,11h02,male,no,1,male,1,0,0,NA,RB-CH-SB,NA,0,1
4/28/2025,43C,Z43C,43Cmale,11h02,male,no,1,male,1,0,0,NA,RB-CH-SB,NA,0,1
4/28/2025,43C,AA43C,43Cmale,11h03,male,no,1,male,1,0,0,NA,RB-CH-SB,NA,0,1
4/28/2025,43C,DD43C,43Cmale,11h09,male,no,1,male,1,0,0,NA,RB-CH-SB,NA,0,1
4/28/2025,43C,EE43C,43Cmale,11h10,male,no,1,male,1,0,0,NA,RB-CH-SB,NA,0,1
4/28/2025,43C,FF43C,43Cmale,11h11,male,no,1,male,1,0,0,NA,RB-CH-SB,NA,0,1
4/28/2025,43C,GG43C,43Cmale,11h12,male,no,1,male,1,0,0,NA,RB-CH-SB,NA,0,1
4/28/2025,43C,HH43C,43Cmale,11h14,male,no,1,male,1,0,0,NA,RB-CH-SB,NA,0,1
4/28/2025,43C,II43C,43Cmale,11h15,male,no,1,male,1,0,0,NA,RB-CH-SB,NA,0,1
4/28/2025,38C,A38C,38Cmale,9h21,male,no,1,male,1,0,0,NA,KT-MD-ML,NA,0,1
4/28/2025,38C,B38C,38Cmale,9h49,male,no,1,male,1,0,0,NA,KT-MD-ML,NA,0,1
4/28/2025,38C,C38C,38Cmale,9h52,male,no,1,male,1,0,0,NA,KT-MD-ML,NA,0,1
4/28/2025,38C,D38C,38Cmale,9h58,male,no,1,male,1,0,0,NA,KT-MD-ML,NA,0,1
4/28/2025,38C,E38C,38Cmale,10h02,male,no,1,male,1,0,0,NA,KT-MD-ML,NA,0,1
4/28/2025,38C,F38C,38Cmale,10h04,male,no,1,male,1,0,0,NA,KT-MD-ML,NA,0,1
4/28/2025,38C,G38C,38Cmale,10h08,male,no,1,male,1,0,0,NA,KT-MD-ML,NA,0,1
4/28/2025,38C,H38C,38Cmale,10h13,male,no,1,male,1,0,0,NA,KT-MD-ML,NA,0,1
4/28/2025,38C,J38C,38Cmale,10h23,male,no,1,male,1,0,0,NA,KT-MD-ML,NA,0,1
4/28/2025,38C,K38C,38Cmale,10h26,male,no,1,male,1,0,0,NA,KT-MD-ML,NA,0,1
4/28/2025,38C,L38C,38Cmale,10h30,male,no,1,male,1,0,0,NA,KT-MD-ML,NA,0,1
4/28/2025,38C,M38C,38Cmale,10h31,male,no,1,male,1,0,0,NA,KT-MD-ML,NA,0,1
4/28/2025,38C,N38C,38Cmale,10h32,male,no,1,male,1,0,0,NA,KT-MD-ML,NA,0,1
4/28/2025,38C,O38C,38Cmale,10h33,male,no,1,male,1,0,0,NA,KT-MD-ML,NA,0,1
4/28/2025,38C,P38C,38Cmale,10h41,male,no,1,male,1,0,0,NA,KT-MD-ML,NA,0,1
4/28/2025,38C,Q38C,38Cmale,10h43,male,no,1,male,1,0,0,NA,KT-MD-ML,NA,0,1
4/28/2025,38C,R38C,38Cmale,10h45,male,no,1,male,1,0,0,NA,KT-MD-ML,NA,0,1
4/28/2025,38C,T38C,38Cmale,11h12,male,no,1,male,1,0,0,NA,KT-MD-ML,NA,0,1
4/28/2025,43C,JJ43C,43Cmale,9h10,male,no,1,NA,0,0,0,NA,RB-CH-SB,NA,0,1
4/28/2025,43C,KK43C,43Cmale,9h18,male,no,1,NA,0,0,0,NA,RB-CH-SB,NA,0,1
4/28/2025,43C,LL43C,43Cfemale,9h33,female,no,1,NA,0,0,0,NA,RB-CH-SB,NA,0,0
4/28/2025,43C,MM43C,43Cmale,9h36,male,no,1,NA,0,0,0,NA,RB-CH-SB,NA,0,1
4/28/2025,43C,NN43C,43Cmale,9h44,male,no,1,NA,0,0,0,NA,RB-CH-SB,NA,0,1
4/28/2025,43C,OO43C,43Cmale,9h49,male,no,1,NA,0,0,0,NA,RB-CH-SB,NA,0,1
4/28/2025,43C,PP43C,43Cmale,10h00,male,no,1,NA,0,0,0,NA,RB-CH-SB,NA,0,1
4/28/2025,43C,RR43C,43Cmale,10h34,male,no,1,NA,0,0,0,NA,RB-CH-SB,NA,0,1
4/29/2025,41C,A41C,41Cfemale,10h30,female,no,1,female,0,1,0,NA,KT_ML-SB,NA,0,0
4/29/2025,35C,R35C,35Cfemale,10h49,female,no,1,female,1,0,0,NA,CH-MD-RB,NA,0,0
4/29/2025,35C,S35C,35Cfemale,10h51,female,yes,1,male,0,1,0,NA,CH-MD-RB,NA,1,0
4/29/2025,41C,B41C,41Cmale,10h31,male,yes,2,male,1,0,0,42.22,KT_ML-SB,NA,1,1
4/29/2025,41C,B41C,41Cfemale,10h31,female,yes,1,male,0,0,0,NA,KT_ML-SB,NA,1,0
4/29/2025,41C,C41C,41Cmale,10h42,male,no,1,male,1,0,0,NA,KT_ML-SB,NA,0,1
4/29/2025,41C,D41C,41Cmale,10h49,male,no,1,male,1,0,0,NA,KT_ML-SB,NA,0,1
4/29/2025,41C,E41C,41Cmale,10h50,male,no,1,male,1,0,0,NA,KT_ML-SB,NA,0,1
4/29/2025,41C,F41C,41Cmale,10h58,male,no,1,male,1,0,0,NA,KT_ML-SB,NA,0,1
4/29/2025,41C,G41C,41Cmale,10h59,male,no,1,male,1,0,0,NA,KT_ML-SB,NA,0,1
4/29/2025,41C,H41C,41Cmale,11h00,male,no,1,male,1,0,0,NA,KT_ML-SB,NA,0,1
4/29/2025,41C,I41C,41Cmale,11h02,male,no,1,male,1,0,0,NA,KT_ML-SB,NA,0,1
4/29/2025,41C,J41C,41Cmale,11h04,male,no,1,male,1,0,0,NA,KT_ML-SB,NA,0,1
4/29/2025,41C,K41C,41Cmale,11h05,male,no,1,male,1,0,0,NA,KT_ML-SB,NA,0,1
4/29/2025,41C,L41C,41Cmale,11h12,male,no,1,male,1,0,0,NA,KT_ML-SB,NA,0,1
4/29/2025,41C,M41C,41Cmale,11h14,male,no,1,male,1,0,0,NA,KT_ML-SB,NA,0,1
4/29/2025,41C,N41C,41Cmale,11h16,male,yes,2,male,1,0,0,7.3,KT_ML-SB,NA,1,1
4/29/2025,41C,N41C,41Cfemale,11h16,female,yes,1,male,0,0,0,NA,KT_ML-SB,NA,1,0
4/29/2025,41C,O41C,41Cmale,11h17,male,yes,2,male,1,0,0,27,KT_ML-SB,NA,1,1
4/29/2025,41C,O41C,41Cfemale,11h17,female,yes,1,male,0,0,0,NA,KT_ML-SB,NA,1,0
4/29/2025,41C,P41C,41Cmale,11h18,male,yes,2,male,1,0,0,NA,KT_ML-SB,NA,1,1
4/29/2025,41C,P41C,41Cfemale,11h18,female,yes,1,male,0,0,0,NA,KT_ML-SB,NA,1,0
4/29/2025,41C,Q41C,41Cmale,11h19,male,yes,2,male,1,0,0,35.63,KT_ML-SB,NA,1,1
4/29/2025,41C,Q41C,41Cfemale,11h19,female,yes,1,male,0,0,0,NA,KT_ML-SB,NA,1,0
4/29/2025,41C,R41C,41Cmale,11h20,male,yes,2,male,1,0,1,12.5,KT_ML-SB,NA,1,1
4/29/2025,41C,R41C,41Cfemale,11h20,female,yes,1,male,0,1,0,NA,KT_ML-SB,1,1,0
4/29/2025,41C,S41C,41Cmale,11h21,male,yes,2,male,1,0,1,NA,KT_ML-SB,NA,1,1
4/29/2025,41C,S41C,41Cfemale,11h21,female,yes,1,male,0,1,0,NA,KT_ML-SB,NA,1,0
4/29/2025,41C,T41C,41Cmale,"11h21 30""",male,yes,2,male,1,0,0,21.3,KT_ML-SB,NA,1,1
4/29/2025,41C,T41C,41Cfemale,"11h21 30""",female,yes,1,male,0,0,0,NA,KT_ML-SB,NA,1,0
4/29/2025,41C,U41C,41Cmale,11h22,male,yes,2,male,1,0,0,35,KT_ML-SB,NA,1,1
4/29/2025,41C,U41C,41Cfemale,11h22,female,yes,1,male,0,0,0,NA,KT_ML-SB,NA,1,0
4/29/2025,41C,V41C,41Cmale,11h23,male,yes,2,male,1,0,0,25.6,KT_ML-SB,NA,1,1
4/29/2025,41C,V41C,41Cfemale,11h23,female,yes,1,male,0,0,0,NA,KT_ML-SB,NA,1,0
4/29/2025,41C,W41C,41Cmale,11h24,male,yes,2,male,1,0,1,24,KT_ML-SB,NA,1,1
4/29/2025,41C,W41C,41Cfemale,11h24,female,yes,1,male,0,1,0,NA,KT_ML-SB,1,1,0
4/29/2025,41C,X41C,41Cmale,11h25,male,yes,2,male,1,0,0,5.46,KT_ML-SB,NA,1,1
4/29/2025,41C,X41C,41Cfemale,11h25,female,yes,1,male,0,0,0,NA,KT_ML-SB,NA,1,0
4/29/2025,41C,Z41C,41Cmale,11h29,male,yes,2,male,1,0,0,11.33,KT_ML-SB,NA,1,1
4/29/2025,41C,Z41C,41Cfemale,11h29,female,yes,1,male,0,0,0,NA,KT_ML-SB,NA,1,0
4/29/2025,35C,A35C,35Cmale,9h13,male,no,1,male,1,0,0,NA,CH-MD-RB,NA,0,1
4/29/2025,35C,B35C,35Cmale,9h38,male,no,1,male,1,0,0,NA,CH-MD-RB,NA,0,1
4/29/2025,35C,C35C,35Cmale,9h56,male,no,1,male,1,0,0,NA,CH-MD-RB,NA,0,1
4/29/2025,35C,D35C,35Cfemale,10h04,female,yes,1,male,0,0,0,NA,CH-MD-RB,NA,1,0
4/29/2025,35C,D35C,35Cmale,10h04,male,yes,2,male,1,0,0,NA,CH-MD-RB,NA,1,1
4/29/2025,35C,E35C,35Cmale,10h09,male,no,1,male,1,0,0,NA,CH-MD-RB,NA,0,1
4/29/2025,35C,F35C,35Cmale,10h11,male,yes,2,male,1,0,0,19,CH-MD-RB,NA,1,1
4/29/2025,35C,F35C,35Cfemale,10h11,female,yes,1,male,0,0,0,NA,CH-MD-RB,NA,1,0
4/29/2025,35C,G35C,35Cmale,10h15,male,yes,2,male,1,0,0,50,CH-MD-RB,NA,1,1
4/29/2025,35C,G35C,35Cfemale,10h15,female,yes,1,male,0,0,0,NA,CH-MD-RB,NA,1,0
4/29/2025,35C,H35C,35Cmale,10h18,male,no,1,male,1,0,0,NA,CH-MD-RB,NA,0,1
4/29/2025,35C,I35C,35Cmale,10h20,male,no,1,male,1,0,0,NA,CH-MD-RB,NA,0,1
4/29/2025,35C,UU23C,35Cmale,10h23,male,no,1,male,1,0,0,NA,CH-MD-RB,NA,0,1
4/29/2025,35C,J35C,35Cmale,10h25,male,no,1,male,1,0,0,NA,CH-MD-RB,NA,0,1
4/29/2025,35C,K35C,35Cmale,10h26,male,no,1,male,1,0,0,NA,CH-MD-RB,NA,0,1
4/29/2025,35C,L35C,35Cmale,10h27,male,no,1,male,1,0,0,NA,CH-MD-RB,NA,0,1
4/29/2025,35C,M35C,35Cmale,10h28,male,no,1,male,1,0,0,NA,CH-MD-RB,NA,0,1
4/29/2025,35C,N35C,35Cmale,10h32,male,yes,2,male,1,0,0,21.44,CH-MD-RB,NA,1,1
4/29/2025,35C,N35C,35Cfemale,10h32,female,yes,1,male,0,0,0,NA,CH-MD-RB,NA,1,0
4/29/2025,35C,O35C,35Cmale,10h36,male,yes,2,male,1,0,0,NA,CH-MD-RB,NA,1,1
4/29/2025,35C,O35C,35Cfemale,10h36,female,yes,1,male,0,0,0,NA,CH-MD-RB,NA,1,0
4/29/2025,35C,P35C,35Cmale,10h40,male,yes,2,male,1,0,1,5.17,CH-MD-RB,NA,1,1
4/29/2025,35C,P35C,35Cfemale,10h40,female,yes,1,male,0,1,0,NA,CH-MD-RB,1,1,0
4/29/2025,35C,Q35C,35Cmale,10h45,male,yes,2,male,1,0,0,21.78,CH-MD-RB,NA,1,1
4/29/2025,35C,Q35C,35Cfemale,10h45,female,yes,1,male,0,0,0,NA,CH-MD-RB,NA,1,0
4/29/2025,35C,S35C,35Cmale,10h51,male,yes,2,male,1,0,1,6,CH-MD-RB,NA,1,1
4/29/2025,35C,T35C,35Cmale,10h53,male,no,1,male,1,0,0,NA,CH-MD-RB,NA,0,1
4/29/2025,35C,U35C,35Cmale,10h54,male,yes,2,male,1,0,0,4,CH-MD-RB,NA,1,1
4/29/2025,35C,U35C,35Cfemale,10h54,female,yes,1,male,0,0,0,NA,CH-MD-RB,NA,1,0
4/29/2025,35C,V35C,35Cmale,10h56,male,yes,2,male,1,0,0,6.23,CH-MD-RB,NA,1,1
4/29/2025,35C,V35C,35Cfemale,10h56,female,yes,1,male,0,0,0,NA,CH-MD-RB,NA,1,0
4/29/2025,35C,ZZ23C,35Cmale,10h58,male,yes,1,male,1,0,0,NA,CH-MD-RB,NA,1,1
4/29/2025,35C,ZZ23C,35Cfemale,10h58,female,yes,1,male,0,0,0,NA,CH-MD-RB,NA,1,0
4/29/2025,35C,W35C,35Cmale,10h59,male,yes,2,male,1,0,0,NA,CH-MD-RB,NA,1,1
4/29/2025,35C,W35C,35Cfemale,10h59,female,yes,1,male,0,0,0,NA,CH-MD-RB,NA,1,0
4/29/2025,35C,X35C,35Cmale,11h00,male,yes,2,male,1,0,0,19.04,CH-MD-RB,NA,1,1
4/29/2025,35C,X35C,35Cfemale,11h00,female,yes,1,male,0,0,0,NA,CH-MD-RB,NA,1,0
4/29/2025,35C,Y35C,35Cmale,11h01,male,yes,2,male,1,0,0,4.4,CH-MD-RB,NA,1,1
4/29/2025,35C,Y35C,35Cfemale,11h01,female,yes,1,male,0,0,0,NA,CH-MD-RB,NA,1,0
4/29/2025,35C,Z35C,35Cmale,11h04,male,yes,2,male,1,0,1,0.74,CH-MD-RB,NA,1,1
4/29/2025,35C,Z35C,35Cfemale,11h04,female,yes,1,male,0,1,0,NA,CH-MD-RB,NA,1,0
4/29/2025,35C,BB35C,35Cmale,11h05,male,yes,2,male,1,0,0,NA,CH-MD-RB,NA,1,1
4/29/2025,35C,BB35C,35Cfemale,11h05,female,yes,1,male,0,0,0,NA,CH-MD-RB,NA,1,0
4/29/2025,35C,CC35C,35Cmale,11h08,male,yes,2,male,1,0,1,3.99,CH-MD-RB,NA,1,1
4/29/2025,35C,CC35C,35Cfemale,11h08,female,yes,1,male,0,1,0,NA,CH-MD-RB,1,1,0
4/29/2025,35C,DD35C,35Cmale,11h09,male,yes,2,male,1,0,1,NA,CH-MD-RB,NA,1,1
4/29/2025,35C,DD35C,35Cfemale,11h09,female,yes,1,male,0,1,0,NA,CH-MD-RB,1,1,0
4/29/2025,35C,EE35C,35Cmale,11h10,male,yes,2,male,1,0,1,3.87,CH-MD-RB,NA,1,1
4/29/2025,35C,EE35C,35Cfemale,11h10,female,yes,1,male,0,1,0,NA,CH-MD-RB,NA,1,0
4/29/2025,35C,NN35C,35Cmale,9h31,male,no,1,NA,0,0,0,NA,CH-MD-RB,NA,0,1
4/29/2025,35C,PP35C,35Cfemale,9h34,female,no,1,NA,0,0,0,NA,CH-MD-RB,NA,0,0
4/29/2025,35C,QQ35C,35Cmale,9h36,male,no,1,NA,0,0,0,NA,CH-MD-RB,NA,0,1
4/29/2025,35C,TT35C,35Cmale,10h00,male,no,1,NA,0,0,0,NA,CH-MD-RB,NA,0,1
4/29/2025,35C,XX23C,35Cmale,10h42,male,no,1,NA,0,0,0,NA,CH-MD-RB,NA,0,1
4/29/2025,35C,AA35C,35Cmale,11h04,male,no,1,NA,1,0,0,NA,CH-MD-RB,NA,0,1
4/29/2025,35C,FF35C,35Cmale,11h10,male,no,1,NA,1,0,0,NA,CH-MD-RB,NA,0,1
4/29/2025,35C,GG35C,35Cfemale,11h12,female,no,1,NA,1,0,0,NA,CH-MD-RB,NA,0,0
4/29/2025,35C,HH35C,35Cmale,11h12,male,no,1,NA,1,0,0,NA,CH-MD-RB,NA,0,1
4/29/2025,35C,II35C,35Cmale,11h13,male,no,1,NA,1,0,0,NA,CH-MD-RB,NA,0,1
4/29/2025,35C,DDD35C,35Cmale,11h14,male,no,1,NA,1,0,0,NA,CH-MD-RB,NA,0,1
4/30/2025,22C,Q22C,22Cfemale,10h57,female,no,1,female,1,0,0,NA,SB-KT-RB,NA,0,0
4/30/2025,22C,EEE22C,22Cfemale,10h58,female,yes,1,female,1,0,0,5.79,SB-KT-RB,NA,1,0
4/30/2025,22C,EEE22C,22Cmale,10h58,male,yes,2,female,0,0,0,NA,SB-KT-RB,NA,1,1
4/30/2025,22C,S22C,22Cfemale,10h59,female,no,1,female,1,0,0,NA,SB-KT-RB,NA,0,0
4/30/2025,22C,T22C,22Cfemale,11h00,female,yes,1,female,1,0,0,1.99,SB-KT-RB,NA,1,0
4/30/2025,22C,T22C,22Cmale,11h00,male,yes,2,female,1,0,0,NA,SB-KT-RB,NA,1,1
4/30/2025,22C,U22C,22Cfemale,11h04,female,no,1,female,1,0,0,NA,SB-KT-RB,NA,0,0
4/30/2025,22C,V22C,22Cfemale,11h05,female,no,1,female,1,0,0,NA,SB-KT-RB,NA,0,0
4/30/2025,22C,BB22C,22Cfemale,11h28,female,yes,1,female,1,0,0,5.97,SB-KT-RB,NA,1,0
4/30/2025,22C,C22C,22Cmale,9h52,male,yes,2,male,1,0,1,NA,SB-KT-RB,NA,1,1
4/30/2025,22C,C22C,22Cfemale,9h52,female,yes,1,male,0,1,0,NA,SB-KT-RB,NA,1,0
4/30/2025,22C,D22C,22Cmale,9h57,male,yes,2,male,1,0,0,NA,SB-KT-RB,NA,1,1
4/30/2025,22C,D22C,22Cfemale,9h57,female,yes,1,male,0,0,0,NA,SB-KT-RB,NA,1,0
4/30/2025,22C,E22C,22Cmale,9h58,male,yes,2,male,1,0,0,NA,SB-KT-RB,NA,1,1
4/30/2025,22C,E22C,22Cfemale,9h58,female,yes,1,male,0,0,0,NA,SB-KT-RB,NA,1,0
4/30/2025,22C,F22C,22Cmale,9h59,male,yes,2,male,1,0,0,NA,SB-KT-RB,NA,1,1
4/30/2025,22C,F22C,22Cfemale,9h59,female,yes,1,male,0,0,0,NA,SB-KT-RB,NA,1,0
4/30/2025,22C,G22C,22Cmale,10h05,male,yes,2,male,1,0,1,12.14,SB-KT-RB,NA,1,1
4/30/2025,22C,G22C,22Cfemale,10h05,female,yes,1,male,0,1,0,NA,SB-KT-RB,1,1,0
4/30/2025,22C,I22C,22Cmale,10h12,male,yes,2,male,1,0,1,NA,SB-KT-RB,NA,1,1
4/30/2025,22C,I22C,22Cfemale,10h12,female,yes,1,male,0,1,0,NA,SB-KT-RB,NA,1,0
4/30/2025,22C,J22C,22Cmale,10h13,male,yes,2,male,1,0,0,NA,SB-KT-RB,NA,1,1
4/30/2025,22C,J22C,22Cfemale,10h13,female,yes,1,male,0,0,0,NA,SB-KT-RB,NA,1,0
4/30/2025,22C,K22C,22Cmale,10h22,male,yes,2,male,1,0,1,NA,SB-KT-RB,NA,1,1
4/30/2025,22C,K22C,22Cfemale,10h22,female,yes,1,male,0,1,0,NA,SB-KT-RB,NA,1,0
4/30/2025,22C,L22C,22Cmale,10h31,male,yes,2,male,1,0,0,12.55,SB-KT-RB,NA,1,1
4/30/2025,22C,L22C,22Cfemale,10h31,female,yes,1,male,0,0,0,NA,SB-KT-RB,NA,1,0
4/30/2025,22C,M22C,22Cmale,10h32,male,yes,2,male,1,0,0,NA,SB-KT-RB,NA,1,1
4/30/2025,22C,M22C,22Cfemale,10h32,female,yes,1,male,0,0,0,NA,SB-KT-RB,NA,1,0
4/30/2025,22C,N22C,22Cmale,10h44,male,yes,2,male,1,0,0,NA,SB-KT-RB,NA,1,1
4/30/2025,22C,N22C,22Cfemale,10h44,female,yes,1,male,0,0,0,NA,SB-KT-RB,NA,1,0
4/30/2025,22C,O22C,22Cmale,10h47,male,yes,2,male,1,0,1,NA,SB-KT-RB,NA,1,1
4/30/2025,22C,O22C,22Cfemale,10h47,female,yes,1,male,0,1,0,NA,SB-KT-RB,NA,1,0
4/30/2025,22C,P22C,22Cmale,10h55,male,yes,2,male,1,0,0,37.79,SB-KT-RB,NA,1,1
4/30/2025,22C,P22C,22Cfemale,10h55,female,yes,1,male,1,0,0,38.76,SB-KT-RB,NA,1,0
4/30/2025,22C,R22C,22Cmale,10h58,male,yes,2,male,1,0,0,13.81,SB-KT-RB,NA,1,1
4/30/2025,22C,R22C,22Cfemale,10h58,female,yes,1,male,0,0,0,NA,SB-KT-RB,NA,1,0
4/30/2025,22C,W22C,22Cmale,11h06,male,yes,2,male,1,0,1,2.1,SB-KT-RB,NA,1,1
4/30/2025,22C,W22C,22Cfemale,11h06,female,yes,1,male,1,1,0,NA,SB-KT-RB,NA,1,0
4/30/2025,22C,X22C,22Cmale,11h08,male,no,1,male,1,0,0,NA,SB-KT-RB,NA,0,1
4/30/2025,22C,Y22C,22Cmale,11h09,male,no,1,male,1,0,0,NA,SB-KT-RB,NA,0,1
4/30/2025,22C,Z22C,22Cmale,11h19,male,yes,2,male,1,0,0,NA,SB-KT-RB,NA,1,1
4/30/2025,22C,Z22C,22Cfemale,11h19,female,yes,1,male,1,0,0,NA,SB-KT-RB,NA,1,0
4/30/2025,22C,AA22C,22Cmale,11h26,male,yes,2,male,1,0,0,10.56,SB-KT-RB,NA,1,1
4/30/2025,22C,AA22C,22Cfemale,11h26,female,yes,1,male,0,0,0,NA,SB-KT-RB,NA,1,0
4/30/2025,22C,BB22C,22Cmale,11h28,male,yes,2,male,1,0,0,NA,SB-KT-RB,NA,1,1
4/30/2025,22C,EEE22C,22Cfemale,9h07,female,no,1,NA,0,0,0,NA,SB-KT-RB,NA,0,0
4/30/2025,22C,A22C,22Cmale,9h16,male,no,1,NA,1,0,0,NA,SB-KT-RB,NA,0,1
4/30/2025,22C,B22C,22Cmale,9h44,male,no,1,NA,1,0,0,NA,SB-KT-RB,NA,0,1
4/30/2025,22C,FFF22C,22Cfemale,9h53,female,no,1,NA,0,0,0,NA,SB-KT-RB,NA,0,0
4/30/2025,22C,GGG22C,22Cfemale,10h00,female,no,1,NA,0,0,0,NA,SB-KT-RB,NA,0,0
4/30/2025,22C,HHH22C,22Cmale,10h01,male,no,1,NA,0,0,0,NA,SB-KT-RB,NA,0,1
4/30/2025,22C,III22C,22Cfemale,10h03,female,no,1,NA,0,0,0,NA,SB-KT-RB,NA,0,0
4/30/2025,22C,JJJ22C,22Cfemale,10h04,female,no,1,NA,0,0,0,NA,SB-KT-RB,NA,0,0
4/30/2025,22C,H22C,22Cmale,10h06,male,no,1,NA,1,0,0,NA,SB-KT-RB,NA,0,1
5/2/2025,39B,U39B,39Bfemale,10h30,female,yes,1,female,1,0,NA,NA,MD-CH-RB,NA,1,0
5/2/2025,39B,D39B,39Bmale,9h41,male,no,1,male,1,0,NA,NA,MD-CH-RB,NA,0,1
5/2/2025,39B,D39B,39Bmale,9h42,male,no,1,male,1,0,NA,NA,MD-CH-RB,NA,0,1
5/2/2025,39B,F39B,39Bmale,9h57,male,no,1,male,1,0,NA,NA,MD-CH-RB,NA,0,1
5/2/2025,39B,H39B,39Bmale,10h16,male,yes,NA,male,1,0,0,7.86,MD-CH-RB,NA,1,1
5/2/2025,39B,H39B,39Bfemale,10h16,female,yes,NA,male,0,0,0,NA,MD-CH-RB,NA,1,0
5/2/2025,39B,I39B,39Bmale,10h17,male,yes,NA,male,1,0,0,6.26,MD-CH-RB,NA,1,1
5/2/2025,39B,I39B,39Bfemale,10h17,female,yes,NA,male,0,0,0,NA,MD-CH-RB,NA,1,0
5/2/2025,39B,J39B,39Bmale,10h18,male,yes,1,male,1,0,NA,5.66,MD-CH-RB,NA,1,1
5/2/2025,39B,K39B,39Bmale,10h20,male,yes,2,male,1,0,0,30.1,MD-CH-RB,NA,1,1
5/2/2025,39B,K39B,39Bfemale,10h20,female,yes,1,male,0,0,0,NA,MD-CH-RB,NA,1,0
5/2/2025,39B,L39B,39Bmale,10h20,male,yes,2,male,1,0,0,6.63,MD-CH-RB,NA,1,1
5/2/2025,39B,L39B,39Bfemale,10h20,female,yes,1,male,0,0,0,NA,MD-CH-RB,NA,1,0
5/2/2025,39B,M39B,39Bmale,10h22,male,yes,1,male,1,0,0,20.13,MD-CH-RB,NA,1,1
5/2/2025,39B,M39B,39Bfemale,10h22,female,yes,2,male,0,0,0,NA,MD-CH-RB,NA,1,0
5/2/2025,39B,O39B,39Bmale,10h24,male,no,1,male,1,0,NA,NA,MD-CH-RB,NA,0,1
5/2/2025,39B,P39B,39Bmale,10h26,male,no,1,male,1,0,NA,NA,MD-CH-RB,NA,0,1
5/2/2025,39B,Q39B,39Bmale,10h27,male,yes,1,male,1,0,0,NA,MD-CH-RB,NA,1,1
5/2/2025,39B,Q39B,39Bfemale,10h27,female,yes,2,male,0,0,0,NA,MD-CH-RB,NA,1,0
5/2/2025,39B,R39B,39Bfemale,10h28,female,yes,2,male,1,0,0,NA,MD-CH-RB,NA,1,0
5/2/2025,39B,R39B,39Bmale,10h28,male,yes,1,male,1,0,0,NA,MD-CH-RB,NA,1,1
5/2/2025,39B,V39B,39Bmale,10h32,male,no,1,male,1,0,NA,NA,MD-CH-RB,NA,0,1
5/2/2025,39B,W39B,39Bmale,10h33,male,no,1,male,1,0,NA,NA,MD-CH-RB,NA,0,1
5/2/2025,39B,Z39B,39Bmale,10h35,male,no,1,male,1,0,NA,NA,MD-CH-RB,NA,0,1
5/2/2025,39B,AA39B,39Bmale,10h35,male,no,1,male,1,0,NA,NA,MD-CH-RB,NA,0,1
5/2/2025,39B,BB39B,39Bmale,10h36,male,no,1,male,1,0,NA,NA,MD-CH-RB,NA,0,1
5/2/2025,39B,CC39B,39Bmale,10h38,male,no,1,male,1,0,NA,NA,MD-CH-RB,NA,0,1
5/2/2025,39B,DD39B,39Bmale,10h39,male,no,1,male,1,0,NA,NA,MD-CH-RB,NA,0,1
5/2/2025,39B,EE39B,39Bmale,10h40,male,no,1,male,1,0,NA,NA,MD-CH-RB,NA,0,1
5/2/2025,39B,FF39B,39Bmale,10h40,male,no,1,male,1,0,NA,NA,MD-CH-RB,NA,0,1
5/2/2025,39B,GG39B,39Bmale,10h40,male,no,1,male,1,0,NA,NA,MD-CH-RB,NA,0,1
5/2/2025,39B,HH39B,39Bmale,10h41,male,no,1,male,1,0,NA,NA,MD-CH-RB,NA,0,1
5/2/2025,39B,JJ39B,39Bmale,10h46,male,no,1,male,1,0,NA,NA,MD-CH-RB,NA,0,1
5/2/2025,39B,KK39B,39Bmale,10h47,male,no,1,male,1,0,NA,NA,MD-CH-RB,NA,0,1
5/2/2025,39B,LL39B,39Bmale,10h47,male,no,1,male,1,0,NA,NA,MD-CH-RB,NA,0,1
5/2/2025,39B,MM39B,39Bmale,10h48,male,no,1,male,1,0,NA,NA,MD-CH-RB,NA,0,1
5/2/2025,39B,NN39B,39Bmale,10h49,male,no,1,male,1,0,NA,NA,MD-CH-RB,NA,0,1
5/2/2025,39B,OO39B,39Bmale,10h50,male,no,1,male,1,0,NA,NA,MD-CH-RB,NA,0,1
5/2/2025,39B,PP39B,39Bmale,10h50,male,no,1,male,1,0,NA,NA,MD-CH-RB,NA,0,1
5/2/2025,39B,QQ39B,39Bmale,10h51,male,no,1,male,1,0,NA,NA,MD-CH-RB,NA,0,1
5/2/2025,39B,RR39B,39Bmale,10h51,male,no,1,male,1,0,NA,NA,MD-CH-RB,NA,0,1
5/2/2025,39B,SS39B,39Bmale,10h52,male,no,1,male,1,0,NA,NA,MD-CH-RB,NA,0,1
5/2/2025,39B,TT39B,39Bmale,10h52,male,no,1,male,1,0,NA,NA,MD-CH-RB,NA,0,1
5/2/2025,39B,UU39B,39Bmale,10h52,male,no,1,male,1,0,NA,NA,MD-CH-RB,NA,0,1
5/2/2025,39B,VV39B,39Bmale,10h53,male,no,1,male,1,0,NA,NA,MD-CH-RB,NA,0,1
5/2/2025,39B,WW39B,39Bmale,10h53,male,no,1,male,1,0,NA,NA,MD-CH-RB,NA,0,1
5/2/2025,39B,XX39B,39Bmale,10h54,male,no,1,male,1,0,NA,NA,MD-CH-RB,NA,0,1
5/2/2025,39B,YY39B,39Bmale,11h03,male,no,1,male,1,0,NA,NA,MD-CH-RB,NA,0,1
5/2/2025,39B,ZZ39B,39Bmale,11h06,male,no,1,male,1,0,NA,NA,MD-CH-RB,NA,0,1
5/2/2025,39B,AAA39B,39Bmale,11h07,male,no,1,male,1,0,NA,NA,MD-CH-RB,NA,0,1
5/2/2025,39B,BBB39B,39Bmale,11h09,male,yes,1,male,1,0,NA,NA,MD-CH-RB,NA,1,1
5/2/2025,39B,CCC39B,39Bmale,11h10,male,yes,1,male,1,0,0,21.94,MD-CH-RB,NA,1,1
5/2/2025,39B,CCC39B,39Bfemale,11h10,female,yes,2,male,0,0,0,NA,MD-CH-RB,NA,1,0
5/2/2025,39B,DDD39B,39Bmale,11h11,male,yes,2,male,1,0,0,40.89,MD-CH-RB,NA,1,1
5/2/2025,39B,DDD39B,39Bfemale,11h11,female,yes,1,male,0,0,0,NA,MD-CH-RB,NA,1,0
5/2/2025,39B,EEE39B,39Bmale,11h15,male,yes,1,male,1,0,NA,NA,MD-CH-RB,NA,1,1
5/2/2025,39B,F39B,39Bmale,11h18,male,no,1,male,1,0,NA,NA,MD-CH-RB,NA,0,1
5/2/2025,39B,JJJ39B,39Bmale,11h21,male,yes,2,male,1,0,NA,NA,MD-CH-RB,NA,1,1
5/2/2025,39B,KKK39B,39Bmale,11h23,male,yes,2,male,1,0,NA,NA,MD-CH-RB,NA,1,1
5/2/2025,39B,B39B,39Bmale,9h17,male,yes,1,NA,0,1,0,NA,MD-CH-RB,NA,1,1
5/2/2025,39B,B39C,39Bfemale,9h17,female,yes,2,NA,0,0,0,NA,MD-CH-RB,NA,1,0
5/2/2025,39B,C39B,39Bmale,9h30,male,no,1,NA,0,0,NA,NA,MD-CH-RB,NA,0,1
5/2/2025,39B,G39B,39Bmale,10h10,male,yes,2,NA,0,1,0,NA,MD-CH-RB,NA,1,1
5/2/2025,39B,G39B,39Bfemale,10h10,female,yes,1,NA,0,0,0,NA,MD-CH-RB,NA,1,0
5/2/2025,39B,N39B,39Bmale,10h23,male,no,1,NA,0,0,NA,NA,MD-CH-RB,NA,0,1
5/7/2025,13B,VV13B,13Bfemale,10h34,female,no,1,female,1,0,0,NA,MD-CH-ML,NA,0,0
5/7/2025,13B,XX13C,13Bfemale,10h35,female,no,1,female,1,0,0,NA,MD-CH-ML,NA,0,0
5/7/2025,13B,AAA13C,13Bfemale,10h37,female,no,1,female,0,0,0,NA,MD-CH-ML,NA,0,0
5/7/2025,13B,CCC13C,13Bfemale,10h41,female,no,1,female,0,0,0,NA,MD-CH-ML,NA,0,0
5/7/2025,13B,EEE13C,13Bfemale,10h41,female,no,1,female,1,0,0,NA,MD-CH-ML,NA,0,0
5/7/2025,13B,FFF13C,13Bfemale,10h43,female,no,1,female,1,0,0,NA,MD-CH-ML,NA,0,0
5/7/2025,13B,JJJ13C,13Bfemale,10h45,female,no,1,female,1,0,0,NA,MD-CH-ML,NA,0,0
5/7/2025,13B,KKK13C,13Bfemale,10h46,female,no,1,female,1,0,0,NA,MD-CH-ML,NA,0,0
5/7/2025,13B,MMM13C,13Bfemale,10h47,female,no,1,female,1,0,0,NA,MD-CH-ML,NA,0,0
5/7/2025,13B,QQQ13C,13Bfemale,10h52,female,no,1,female,1,0,0,NA,MD-CH-ML,NA,0,0
5/7/2025,13B,TTT13C,13Bmale,10h55,male,yes,2,female,1,0,NA,NA,MD-CH-ML,NA,1,1
5/7/2025,13B,UUU13C,13Bfemale,10h56,female,no,1,female,1,0,0,NA,MD-CH-ML,NA,0,0
5/7/2025,13B,YYY13C,13Bfemale,10h59,female,no,1,female,1,0,0,NA,MD-CH-ML,NA,0,0
5/7/2025,13B,BBBB13C,13Bfemale,11h02,female,no,1,female,1,0,0,NA,MD-CH-ML,NA,0,0
5/7/2025,13B,EEEE13C,13Bfemale,11h04,female,yes,2,female,1,0,0,NA,MD-CH-ML,NA,1,0
5/7/2025,13B,EEEE13C,13Bmale,11h04,male,yes,1,female,1,0,0,NA,MD-CH-ML,NA,1,1
5/7/2025,13B,A13B,13Bmale,8h52,male,no,1,male,1,0,0,NA,MD-CH-ML,NA,0,1
5/7/2025,13B,F13B,13Bmale,9h17,male,no,1,male,1,0,0,NA,MD-CH-ML,NA,0,1
5/7/2025,13B,J13B,13Bmale,9h27,male,no,1,male,1,0,0,NA,MD-CH-ML,NA,0,1
5/7/2025,13B,K13B,13Bmale,9h29,male,no,1,male,1,0,0,NA,MD-CH-ML,NA,0,1
5/7/2025,13B,L13B,13Bmale,9h33,male,yes,2,male,1,0,0,19.34,MD-CH-ML,NA,1,1
5/7/2025,13B,L13B,13Bfemale,9h33,female,yes,1,male,0,0,0,NA,MD-CH-ML,NA,1,0
5/7/2025,13B,M13B,13Bmale,9h35,male,no,1,male,1,0,0,NA,MD-CH-ML,NA,0,1
5/7/2025,13B,N13B,13Bmale,9h37,male,no,1,male,1,0,0,NA,MD-CH-ML,NA,0,1
5/7/2025,13B,O13B,13Bmale,9h38,male,no,1,male,1,0,0,NA,MD-CH-ML,NA,0,1
5/7/2025,13B,P13B,13Bmale,9h40,male,yes,2,male,1,0,1,5.98,MD-CH-ML,NA,1,1
5/7/2025,13B,P13B,13Bfemale,9h40,female,yes,1,male,0,1,0,NA,MD-CH-ML,NA,1,0
5/7/2025,13B,Q13B,13Bmale,9h42,male,yes,2,male,1,0,0,30.87,MD-CH-ML,NA,1,1
5/7/2025,13B,Q13B,13Bfemale,9h42,female,yes,1,male,0,0,0,NA,MD-CH-ML,NA,1,0
5/7/2025,13B,R13B,13Bmale,9h44,male,yes,2,male,1,0,0,8.46,MD-CH-ML,NA,1,1
5/7/2025,13B,R13B,13Bfemale,9h44,female,yes,1,male,0,0,0,NA,MD-CH-ML,NA,1,0
5/7/2025,13B,S13B,13Bmale,9h45,male,yes,2,male,1,0,0,14.24,MD-CH-ML,NA,1,1
5/7/2025,13B,S13B,13Bfemale,9h45,female,yes,1,male,0,0,0,NA,MD-CH-ML,NA,1,0
5/7/2025,13B,T13B,13Bmale,9h46,male,yes,2,male,1,0,0,2.71,MD-CH-ML,NA,1,1
5/7/2025,13B,T13B,13Bfemale,9h46,female,yes,1,male,0,0,0,NA,MD-CH-ML,NA,1,0
5/7/2025,13B,U13B,13Bmale,9h48,male,no,1,male,1,0,0,NA,MD-CH-ML,NA,0,1
5/7/2025,13B,V13B,13Bmale,9h49,male,yes,2,male,1,0,0,14.51,MD-CH-ML,NA,1,1
5/7/2025,13B,V13B,13Bfemale,9h49,female,yes,1,male,0,0,0,NA,MD-CH-ML,NA,1,0
5/7/2025,13B,W13B,13Bmale,9h50,male,no,2,male,1,0,0,NA,MD-CH-ML,NA,0,1
5/7/2025,13B,X13B,13Bmale,9h51,male,no,1,male,1,0,0,NA,MD-CH-ML,NA,0,1
5/7/2025,13B,Y13B,13Bmale,9h52,male,no,1,male,1,0,0,NA,MD-CH-ML,NA,0,1
5/7/2025,13B,Z13B,13Bmale,9h53,male,yes,2,male,1,0,0,10.96,MD-CH-ML,NA,1,1
5/7/2025,13B,Z13B,13Bfemale,9h53,female,yes,1,male,0,0,0,NA,MD-CH-ML,NA,1,0
5/7/2025,13B,AA13B,13Bmale,9h55,male,yes,2,male,1,0,1,4.95,MD-CH-ML,NA,1,1
5/7/2025,13B,AA13B,13Bfemale,9h55,female,yes,1,male,0,1,0,NA,MD-CH-ML,1,1,0
5/7/2025,13B,BB13B,13Bmale,9h56,male,yes,2,male,1,0,0,4.51,MD-CH-ML,NA,1,1
5/7/2025,13B,BB13B,13Bfemale,9h56,female,yes,1,male,0,0,0,NA,MD-CH-ML,NA,1,0
5/7/2025,13B,CC13B,13Bmale,9h59,male,yes,2,male,1,0,0,8.97,MD-CH-ML,NA,1,1
5/7/2025,13B,CC13B,13Bfemale,9h59,female,yes,1,male,0,0,0,NA,MD-CH-ML,NA,1,0
5/7/2025,13B,DD13B,13Bmale,10h00,male,yes,2,male,1,0,1,10.42,MD-CH-ML,NA,1,1
5/7/2025,13B,DD13B,13Bfemale,10h00,female,yes,1,male,0,1,0,NA,MD-CH-ML,0,1,0
5/7/2025,13B,EE13B,13Bmale,10h02,male,no,1,male,1,0,0,NA,MD-CH-ML,NA,0,1
5/7/2025,13B,FF13B,13Bmale,10h03,male,no,1,male,1,0,0,NA,MD-CH-ML,NA,0,1
5/7/2025,13B,GG13B,13Bmale,10h04,male,no,1,male,1,0,0,NA,MD-CH-ML,NA,0,1
5/7/2025,13B,HH13B,13Bmale,10h07,male,no,1,male,1,0,0,NA,MD-CH-ML,NA,0,1
5/7/2025,13B,II13B,13Bmale,10h14,male,no,1,male,1,0,0,NA,MD-CH-ML,NA,0,1
5/7/2025,13B,JJ13B,13Bmale,10h16,male,no,1,male,1,0,0,NA,MD-CH-ML,NA,0,1
5/7/2025,13B,KK13B,13Bmale,10h19,male,no,1,male,1,0,0,NA,MD-CH-ML,NA,0,1
5/7/2025,13B,LL13B,13Bmale,10h21,male,no,1,male,1,0,0,NA,MD-CH-ML,NA,0,1
5/7/2025,13B,MM13B,13Bmale,10h22,male,no,1,male,1,0,0,NA,MD-CH-ML,NA,0,1
5/7/2025,13B,NN13B,13Bmale,10h23,male,no,1,male,1,0,0,NA,MD-CH-ML,NA,0,1
5/7/2025,13B,PP13B,13Bmale,10h25,male,no,1,male,1,0,0,NA,MD-CH-ML,NA,0,1
5/7/2025,13B,QQ13B,13Bmale,10h26,male,no,1,male,1,0,0,NA,MD-CH-ML,NA,0,1
5/7/2025,13B,RR13B,13Bmale,10h27,male,no,1,male,1,0,0,NA,MD-CH-ML,NA,0,1
5/7/2025,13B,SS13B,13Bmale,10h31,male,yes,1,male,1,0,1,1.65,MD-CH-ML,NA,1,1
5/7/2025,13B,SS13B,13Bfemale,10h31,female,yes,2,male,0,1,0,NA,MD-CH-ML,NA,1,0
5/7/2025,13B,UU13B,13Bmale,10h32,male,no,1,male,1,0,0,NA,MD-CH-ML,NA,0,1
5/7/2025,13B,WW13C,13Bmale,10h35,male,no,1,male,1,0,0,NA,MD-CH-ML,NA,0,1
5/7/2025,13B,YY13C,13Bmale,10h35,male,no,1,male,1,0,0,NA,MD-CH-ML,NA,0,1
5/7/2025,13B,BBB13C,13Bmale,10h40,male,no,1,male,1,0,0,NA,MD-CH-ML,NA,0,1
5/7/2025,13B,DDD13C,13Bmale,10h41,male,no,1,male,1,0,0,NA,MD-CH-ML,NA,0,1
5/7/2025,13B,GGG13C,13Bmale,10h43,male,no,1,male,1,0,0,NA,MD-CH-ML,NA,0,1
5/7/2025,13B,HHH13C,13Bfemale,10h44,female,yes,1,male,0,0,0,NA,MD-CH-ML,NA,1,0
5/7/2025,13B,HHH13C,13Bmale,10h44,male,yes,2,male,1,0,0,4.58,MD-CH-ML,NA,1,1
5/7/2025,13B,LLL13C,13Bmale,10h47,male,no,1,male,1,0,0,NA,MD-CH-ML,NA,0,1
5/7/2025,13B,NNN13C,13Bmale,10h48,male,no,1,male,1,0,0,NA,MD-CH-ML,NA,0,1
5/7/2025,13B,OOO13C,13Bmale,10h50,male,no,1,male,1,0,0,NA,MD-CH-ML,NA,0,1
5/7/2025,13B,PPP13C,13Bmale,10h51,male,no,1,male,1,0,0,NA,MD-CH-ML,NA,0,1
5/7/2025,13B,RRR13C,13Bfemale,10h53,female,yes,2,male,1,0,0,NA,MD-CH-ML,NA,1,0
5/7/2025,13B,RRR13C,13Bmale,10h53,male,yes,1,male,1,0,0,NA,MD-CH-ML,NA,1,1
5/7/2025,13B,SSS13C,13Bfemale,10h54,female,yes,1,male,1,1,0,NA,MD-CH-ML,1,1,0
5/7/2025,13B,SSS13C,13Bmale,10h54,male,yes,1,male,1,0,1,9.5,MD-CH-ML,NA,1,1
5/7/2025,13B,VVV13C,13Bmale,10h56,male,no,1,male,1,0,0,NA,MD-CH-ML,NA,0,1
5/7/2025,13B,WWW13C,13Bmale,10h57,male,yes,2,male,1,0,NA,9.48,MD-CH-ML,NA,1,1
5/7/2025,13B,XXX13C,13Bmale,10h58,male,no,1,male,1,0,0,NA,MD-CH-ML,NA,0,1
5/7/2025,13B,ZZZ13C,13Bmale,10h59,male,no,1,male,1,0,0,NA,MD-CH-ML,NA,0,1
5/7/2025,13B,AAAA13C,13Bmale,11h01,male,no,1,male,1,0,0,NA,MD-CH-ML,NA,0,1
5/7/2025,13C,D13C,13Cmale,9h30,male,no,1,male,1,0,0,NA,KT-RB-SB,NA,0,1
5/7/2025,13C,G13C,13Cmale,9h45,male,no,1,male,1,0,0,NA,KT-RB-SB,NA,0,1
5/7/2025,13C,H13C,13Cmale,9h53,male,no,1,male,1,0,0,NA,KT-RB-SB,NA,0,1
5/7/2025,13C,I13C,13Cmale,10h03,male,no,1,male,1,0,0,NA,KT-RB-SB,NA,0,1
5/7/2025,13C,J13C,13Cmale,10h06,male,no,1,male,1,0,0,NA,KT-RB-SB,NA,0,1
5/7/2025,13C,K13C,13Cmale,10h09,male,no,1,male,1,0,0,NA,KT-RB-SB,NA,0,1
5/7/2025,13C,L13C,13Cmale,10h10,male,yes,2,male,1,0,0,26.08,KT-RB-SB,NA,1,1
5/7/2025,13C,L13C,13Cfemale,10h10,female,yes,1,male,0,0,0,NA,KT-RB-SB,NA,1,0
5/7/2025,13C,N13C,13Cmale,10h11,male,no,1,male,1,0,0,NA,KT-RB-SB,NA,0,1
5/7/2025,13C,O13C,13Cmale,10h14,male,yes,2,male,1,0,0,18.63,KT-RB-SB,NA,1,1
5/7/2025,13C,O13C,13Cfemale,10h14,female,yes,1,male,0,0,0,NA,KT-RB-SB,NA,1,0
5/7/2025,13C,P13C,13Cmale,10h15,male,yes,2,male,1,0,0,NA,KT-RB-SB,NA,1,1
5/7/2025,13C,P13C,13Cfemale,10h15,female,yes,1,male,0,0,0,NA,KT-RB-SB,NA,1,0
5/7/2025,13C,Q13C,13Cmale,10h18,male,yes,2,male,1,0,0,49.97,KT-RB-SB,NA,1,1
5/7/2025,13C,Q13C,13Cfemale,10h18,female,yes,1,male,0,0,0,NA,KT-RB-SB,NA,1,0
5/7/2025,13C,S13C,13Cmale,10h22,male,yes,2,male,1,0,0,NA,KT-RB-SB,NA,1,1
5/7/2025,13C,S13C,13Cfemale,10h22,female,yes,1,male,0,0,0,NA,KT-RB-SB,NA,1,0
5/7/2025,13C,T13C,13Cmale,10h22,male,yes,2,male,1,0,0,NA,KT-RB-SB,NA,1,1
5/7/2025,13C,T13C,13Cfemale,10h22,female,yes,1,male,0,0,0,NA,KT-RB-SB,NA,1,0
5/7/2025,13C,U13C,13Cmale,10h25,male,yes,2,male,1,0,1,25.11,KT-RB-SB,NA,1,1
5/7/2025,13C,U13C,13Cfemale,10h25,female,yes,1,male,0,1,0,NA,KT-RB-SB,1,1,0
5/7/2025,13C,W13C,13Cmale,10h33,male,yes,2,male,1,0,0,113.31,KT-RB-SB,NA,1,1
5/7/2025,13C,W13C,13Cfemale,10h33,female,yes,1,male,0,0,0,NA,KT-RB-SB,NA,1,0
5/7/2025,13C,X13C,13Cmale,10h36,male,no,2,male,1,0,0,NA,KT-RB-SB,NA,0,1
5/7/2025,13C,Z13C,13Cmale,10h44,male,yes,NA,male,1,0,1,40.01,KT-RB-SB,NA,1,1
5/7/2025,13C,Z13C,13Cfemale,10h44,female,yes,NA,male,1,1,0,NA,KT-RB-SB,NA,1,0
5/7/2025,13C,CC13C,13Cmale,10h50,male,no,1,male,1,0,0,NA,KT-RB-SB,NA,0,1
5/7/2025,13B,B13B,13Bmale,9h04,male,no,1,NA,0,0,0,NA,MD-CH-ML,NA,0,1
5/7/2025,13B,C13B,13Bmale,9h07,male,no,1,NA,0,0,0,NA,MD-CH-ML,NA,0,1
5/7/2025,13B,D13B,13Bmale,9h11,male,no,1,NA,0,0,0,NA,MD-CH-ML,NA,0,1
5/7/2025,13B,E13B,13Bmale,9h15,male,no,1,NA,0,0,0,NA,MD-CH-ML,NA,0,1
5/7/2025,13B,G13B,13Bmale,9h20,male,no,1,NA,0,0,0,NA,MD-CH-ML,NA,0,1
5/7/2025,13B,H13B,13Bmale,9h24,male,no,1,NA,0,0,0,NA,MD-CH-ML,NA,0,1
5/7/2025,13B,I13B,13Bfemale,9h24,female,no,1,NA,0,0,0,NA,MD-CH-ML,NA,0,0
5/7/2025,13B,OO13B,13Bfemale,10h24,female,no,1,NA,0,0,0,NA,MD-CH-ML,NA,0,0
5/7/2025,13C,A13C,13Cmale,8h45,male,no,1,NA,0,0,0,NA,KT-RB-SB,NA,0,1
5/7/2025,13C,B13C,13Cmale,8h46,male,no,1,NA,0,0,0,NA,KT-RB-SB,NA,0,1
5/7/2025,13C,F13C,13Cmale,9h41,male,no,1,NA,0,0,0,NA,KT-RB-SB,NA,0,1
5/7/2025,13C,M13C,13Cfemale,10h10,female,no,1,NA,0,0,0,NA,KT-RB-SB,NA,0,0
5/7/2025,13C,R13C,13Cfemale,10h20,female,no,1,NA,0,0,0,NA,KT-RB-SB,NA,0,0
5/7/2025,13C,V13C,13Cfemale,10h29,female,no,1,NA,0,1,0,NA,KT-RB-SB,NA,0,0
5/7/2025,13C,Y13C,13Cmale,10h40,male,yes,1,NA,0,1,0,NA,KT-RB-SB,NA,1,1
5/7/2025,13C,Y13C,13Cfemale,10h40,female,yes,2,NA,0,0,1,NA,KT-RB-SB,NA,1,0
5/9/2025,37C,I37C,37Cmale,10h05,male,no,1,male,1,0,0,NA,ML-MD-RB,NA,0,1
5/9/2025,37C,K37C,37Cmale,10h23,male,no,1,male,1,0,0,NA,ML-MD-RB,NA,0,1
5/9/2025,37C,M37C,37Cmale,10h29,male,no,1,male,1,0,0,NA,ML-MD-RB,NA,0,1
5/9/2025,37C,N37C,37Cmale,10h35,male,no,1,male,1,0,0,NA,ML-MD-RB,NA,0,1
5/9/2025,37C,O37C,37Cmale,10h38,male,no,1,male,1,0,0,NA,ML-MD-RB,NA,0,1
5/9/2025,37C,P37C,37Cmale,10h40,male,no,1,male,1,0,0,NA,ML-MD-RB,NA,0,1
5/9/2025,37C,Q37C,37Cmale,10h45,male,no,1,male,1,0,0,NA,ML-MD-RB,NA,0,1
5/9/2025,37C,R37C,37Cmale,10h50,male,no,1,male,1,0,0,NA,ML-MD-RB,NA,0,1
5/9/2025,37C,S37C,37Cmale,10h57,male,no,1,male,1,0,0,NA,ML-MD-RB,NA,0,1
5/9/2025,37C,T37C,37Cmale,11h08,male,no,1,male,1,0,0,NA,ML-MD-RB,NA,0,1
5/9/2025,37C,V37C,37Cmale,11h17,male,no,1,male,1,0,0,NA,ML-MD-RB,NA,0,1
5/9/2025,37C,W37C,37Cmale,11h18,male,no,1,male,1,0,0,NA,ML-MD-RB,NA,0,1
5/9/2025,37C,X37C,37Cmale,11h20,male,no,1,male,1,0,0,NA,ML-MD-RB,NA,0,1
5/9/2025,37C,A37C,37Cmale,8h57,male,no,1,NA,0,0,0,NA,ML-MD-RB,NA,0,1
5/9/2025,37C,B37C,37Cmale,9h22,male,no,1,NA,0,0,0,NA,ML-MD-RB,NA,0,1
5/9/2025,37C,C37C,37Cmale,9h28,male,no,1,NA,0,0,0,NA,ML-MD-RB,NA,0,1
5/9/2025,37C,D37C,37Cmale,9h34,male,no,1,NA,0,0,0,NA,ML-MD-RB,NA,0,1
5/9/2025,37C,E37C,37Cmale,9h38,male,no,1,NA,0,0,0,NA,ML-MD-RB,NA,0,1
5/9/2025,37C,F37C,37Cmale,9h42,male,no,1,NA,0,0,0,NA,ML-MD-RB,NA,0,1
5/9/2025,37C,G37C,37Cmale,9h46,male,no,1,NA,0,0,0,NA,ML-MD-RB,NA,0,1
5/9/2025,37C,H37C,37Cmale,9h56,male,no,1,NA,0,0,0,NA,ML-MD-RB,NA,0,1
5/9/2025,37C,J37C,37Cmale,10h09,male,no,1,NA,0,0,0,NA,ML-MD-RB,NA,0,1
5/9/2025,37C,L37C,37Cmale,10h24,male,no,1,NA,0,0,0,NA,ML-MD-RB,NA,0,1
5/9/2025,37C,U37C,37Cmale,11h12,male,no,1,NA,0,0,0,NA,ML-MD-RB,NA,0,1
5/13/2025,33C,R33C,33Cfemale,10h20,female,no,1,female,1,0,0,NA,ML-CH-SB,NA,0,0
5/13/2025,33C,BB33C,33Cmale,10h36,male,yes,2,female,1,0,1,NA,ML-CH-SB,NA,1,1
5/13/2025,33C,BB33C,33Cfemale,10h36,female,yes,1,female,1,1,0,NA,ML-CH-SB,NA,1,0
5/13/2025,33C,LL33C,33Cmale,10h51,male,yes,1,female,1,0,0,NA,ML-CH-SB,NA,1,1
5/13/2025,33C,LL33C,33Cfemale,10h51,female,yes,2,female,1,0,0,NA,ML-CH-SB,NA,1,0
5/13/2025,33C,QQ33C,33Cfemale,11h03,female,no,1,female,1,0,0,NA,ML-CH-SB,NA,0,0
5/13/2025,33C,RR33C,33Cfemale,11h05,female,no,1,female,1,0,0,NA,ML-CH-SB,NA,0,0
5/13/2025,33C,WW33C,33Cfemale,11h14,female,no,1,female,1,0,0,NA,ML-CH-SB,NA,0,0
5/13/2025,36C,JJ36C,36Cfemale,10h18,female,no,1,female,1,0,0,NA,MD-RB-KT,NA,0,0
5/13/2025,36C,OO36C,36Cfemale,10h26,female,no,1,female,1,0,0,NA,MD-RB-KT,NA,0,0
5/13/2025,36C,QQ36C,36Cfemale,10h32,female,no,1,female,1,0,0,NA,MD-RB-KT,NA,0,0
5/13/2025,36C,UU36C,36Cfemale,10h38,female,no,1,female,1,0,0,NA,MD-RB-KT,NA,0,0
5/13/2025,36C,VV36C,36Cfemale,10h42,female,yes,1,female,1,1,0,29,MD-RB-KT,1,1,0
5/13/2025,36C,WW36C,36Cfemale,10h43,female,no,1,female,1,0,0,NA,MD-RB-KT,NA,0,0
5/13/2025,36C,YY36C,36Cfemale,10h44,female,no,1,female,1,0,0,NA,MD-RB-KT,NA,0,0
5/13/2025,36C,BBB36C,36Cfemale,10h56,female,no,1,female,1,0,0,NA,MD-RB-KT,NA,0,0
5/13/2025,36C,CCC36C,36Cfemale,10h57,female,no,1,female,1,0,0,NA,MD-RB-KT,NA,0,0
5/13/2025,36C,DDD36C,36Cfemale,10h58,female,no,1,female,1,0,0,NA,MD-RB-KT,NA,0,0
5/13/2025,36C,EEE36C,36Cfemale,10h59,female,no,1,female,1,0,0,NA,MD-RB-KT,NA,0,0
5/13/2025,36C,FFF36C,36Cfemale,11h00,female,no,1,female,1,0,0,NA,MD-RB-KT,NA,0,0
5/13/2025,36C,HHH36C,36Cfemale,11h01,female,no,1,female,1,0,0,NA,MD-RB-KT,NA,0,0
5/13/2025,36C,III36C,36Cfemale,11h02,female,no,1,female,1,0,0,NA,MD-RB-KT,NA,0,0
5/13/2025,36C,JJJ36C,36Cfemale,11h02,female,no,1,female,1,0,0,NA,MD-RB-KT,NA,0,0
5/13/2025,36C,KKK36C,36Cfemale,11h04,female,no,1,female,1,0,0,NA,MD-RB-KT,NA,0,0
5/13/2025,36C,MMM36C,36Cfemale,11h05,female,yes,1,female,1,1,1,5.17,MD-RB-KT,NA,1,0
5/13/2025,36C,MMM36C,36Cmale,11h05,male,yes,2,female,0,1,1,NA,MD-RB-KT,NA,1,1
5/13/2025,36C,NNN36C,36Cfemale,11h06,female,no,1,female,1,0,0,NA,MD-RB-KT,NA,0,0
5/13/2025,36C,OOO36C,36Cfemale,11h06,female,no,1,female,1,0,0,NA,MD-RB-KT,NA,0,0
5/13/2025,36C,QQQ36C,36Cfemale,11h06,female,no,1,female,1,0,0,NA,MD-RB-KT,NA,0,0
5/13/2025,36C,SSS36C,36Cfemale,11h08,female,no,1,female,1,0,0,NA,MD-RB-KT,NA,0,0
5/13/2025,36C,TTT36C,36Cfemale,11h08,female,no,1,female,1,0,0,NA,MD-RB-KT,NA,0,0
5/13/2025,36C,VVV36C,36Cfemale,11h10,female,no,1,female,1,0,0,NA,MD-RB-KT,NA,0,0
5/13/2025,36C,XXX36C,36Cfemale,11h10,female,no,1,female,1,0,0,NA,MD-RB-KT,NA,0,0
5/13/2025,36C,YYY36C,36Cfemale,11h11,female,no,1,female,1,0,0,NA,MD-RB-KT,NA,0,0
5/13/2025,36C,ZZZ36C,36Cfemale,11h11,female,no,1,female,1,0,0,NA,MD-RB-KT,NA,0,0
5/13/2025,36C,AAAA36C,36Cfemale,11h12,female,no,1,female,1,0,0,NA,MD-RB-KT,NA,0,0
5/13/2025,36C,BBBB36C,36Cfemale,11h13,female,no,1,female,1,0,0,NA,MD-RB-KT,NA,0,0
5/13/2025,36C,CCCC36C,36Cfemale,11h13,female,no,1,female,1,0,0,NA,MD-RB-KT,NA,0,0
5/13/2025,36C,DDDD36C,36Cfemale,11h14,female,no,1,female,1,0,0,NA,MD-RB-KT,NA,0,0
5/13/2025,36C,EEEE36C,36Cfemale,11h15,female,no,1,female,1,0,0,NA,MD-RB-KT,NA,0,0
5/13/2025,36C,FFFF36C,36Cfemale,11h18,female,no,1,female,1,0,0,NA,MD-RB-KT,NA,0,0
5/13/2025,33C,N33C,33Cmale,10h08,male,yes,1,male,1,0,1,16.53,ML-CH-SB,NA,1,1
5/13/2025,33C,O33C,33Cmale,10h15,male,yes,2,male,1,0,1,9.13,ML-CH-SB,NA,1,1
5/13/2025,33C,P33C,33Cfemale,10h18,female,yes,2,male,1,1,0,NA,ML-CH-SB,NA,1,0
5/13/2025,33C,P33C,33Cmale,10h18,male,yes,1,male,1,0,0,NA,ML-CH-SB,NA,1,1
5/13/2025,33C,Q33C,33Cmale,10h19,male,yes,1,male,1,0,0,20.42,ML-CH-SB,NA,1,1
5/13/2025,33C,S33C,33Cmale,10h21,male,no,1,male,1,0,0,NA,ML-CH-SB,NA,0,1
5/13/2025,33C,T33C,33Cfemale,10h24,female,yes,1,male,1,0,0,NA,ML-CH-SB,NA,1,0
5/13/2025,33C,T33C,33Cmale,10h24,male,yes,2,male,1,0,0,37.68,ML-CH-SB,NA,1,1
5/13/2025,33C,U33C,33Cfemale,10h25,female,yes,1,male,1,0,0,NA,ML-CH-SB,NA,1,0
5/13/2025,33C,V33C,33Cmale,10h27,male,yes,2,male,1,0,1,23.23,ML-CH-SB,NA,1,1
5/13/2025,33C,W33C,33Cmale,10h28,male,yes,1,male,1,0,0,13.86,ML-CH-SB,NA,1,1
5/13/2025,33C,X33C,33Cmale,10h33,male,yes,1,male,1,0,1,4.26,ML-CH-SB,NA,1,1
5/13/2025,33C,Y33C,33Cmale,10h34,male,yes,2,male,1,0,0,10.5,ML-CH-SB,NA,1,1
5/13/2025,33C,Y33C,33Cfemale,10h34,female,yes,1,male,1,0,0,NA,ML-CH-SB,NA,1,0
5/13/2025,33C,Z33C,33Cmale,10h34,male,no,1,male,1,0,0,NA,ML-CH-SB,NA,0,1
5/13/2025,33C,AA33C,33Cmale,10h35,male,yes,2,male,1,0,0,15.42,ML-CH-SB,NA,1,1
5/13/2025,33C,CC33C,33Cmale,10h37,male,no,1,male,1,0,0,NA,ML-CH-SB,NA,0,1
5/13/2025,33C,DD33C,33Cmale,10h39,male,yes,1,male,1,0,0,27.99,ML-CH-SB,NA,1,1
5/13/2025,33C,DD33C,33Cfemale,10h39,female,yes,2,male,1,0,0,NA,ML-CH-SB,NA,1,0
5/13/2025,33C,EE33C,33Cmale,10h40,male,yes,2,male,1,0,0,14.78,ML-CH-SB,NA,1,1
5/13/2025,33C,EE33C,33Cfemale,10h40,female,yes,1,male,1,0,0,NA,ML-CH-SB,NA,1,0
5/13/2025,33C,FF33C,33Cmale,10h40,male,no,1,male,1,0,0,NA,ML-CH-SB,NA,0,1
5/13/2025,33C,GG33C,33Cmale,10h42,male,no,1,male,1,0,0,NA,ML-CH-SB,NA,0,1
5/13/2025,33C,II33C,33Cmale,10h47,male,yes,2,male,1,0,1,10.37,ML-CH-SB,NA,1,1
5/13/2025,33C,JJ33C,33Cmale,10h48,male,yes,1,male,1,0,0,3.29,ML-CH-SB,NA,1,1
5/13/2025,33C,KK33C,33Cmale,10h50,male,yes,1,male,1,0,1,11.61,ML-CH-SB,NA,1,1
5/13/2025,33C,MM33C,33Cmale,10h55,male,no,1,male,1,0,0,NA,ML-CH-SB,NA,0,1
5/13/2025,33C,NN33C,33Cmale,10h59,male,yes,2,male,1,0,1,9.91,ML-CH-SB,NA,1,1
5/13/2025,33C,PP33C,33Cmale,11h02,male,no,1,male,1,0,0,24.53,ML-CH-SB,NA,0,1
5/13/2025,33C,SS33C,33Cmale,11h07,male,yes,1,male,1,1,0,NA,ML-CH-SB,1,1,1
5/13/2025,33C,SS33C,33Cfemale,11h07,female,yes,2,male,1,0,1,7.35,ML-CH-SB,NA,1,0
5/13/2025,33C,TT33C,33Cmale,11h09,male,yes,2,male,1,0,1,6.95,ML-CH-SB,NA,1,1
5/13/2025,33C,TT33C,33Cfemale,11h09,female,yes,1,male,1,1,0,NA,ML-CH-SB,0,1,0
5/13/2025,33C,VV33C,33Cmale,11h13,male,no,1,male,1,0,0,NA,ML-CH-SB,NA,0,1
5/13/2025,36C,H36C,36Cfemale,9h29,female,yes,1,male,1,1,1,NA,MD-RB-KT,NA,1,0
5/13/2025,36C,H36C,36Cmale,9h29,male,yes,2,male,1,1,1,27.64,MD-RB-KT,NA,1,1
5/13/2025,36C,J36C,36Cfemale,9h32,female,yes,1,male,0,1,0,NA,MD-RB-KT,1,1,0
5/13/2025,36C,J36C,36Cmale,9h32,male,yes,2,male,1,0,1,26.38,MD-RB-KT,NA,1,1
5/13/2025,36C,L36C,36Cfemale,9h36,female,yes,2,male,0,1,0,NA,MD-RB-KT,NA,1,0
5/13/2025,36C,L36C,36Cmale,9h36,male,yes,1,male,1,0,1,28,MD-RB-KT,NA,1,1
5/13/2025,36C,M36C,36Cmale,9h38,male,yes,2,male,1,0,0,47.85,MD-RB-KT,NA,1,1
5/13/2025,36C,M36C,36Cfemale,9h38,female,yes,1,male,0,0,0,NA,MD-RB-KT,NA,1,0
5/13/2025,36C,N36C,36Cfemale,9h40,female,yes,1,male,0,1,0,NA,MD-RB-KT,NA,1,0
5/13/2025,36C,N36C,36Cmale,9h40,male,yes,2,male,1,0,1,NA,MD-RB-KT,NA,1,1
5/13/2025,36C,O36C,36Cfemale,9h42,female,yes,2,male,0,1,0,NA,MD-RB-KT,NA,1,0
5/13/2025,36C,O36C,36Cmale,9h42,male,yes,1,male,1,0,1,15.27,MD-RB-KT,NA,1,1
5/13/2025,36C,P36C,36Cfemale,9h42,female,yes,2,male,0,0,0,NA,MD-RB-KT,NA,1,0
5/13/2025,36C,P36C,36Cmale,9h42,male,yes,1,male,1,0,0,7.86,MD-RB-KT,NA,1,1
5/13/2025,36C,R36C,36Cmale,9h49,male,yes,1,male,1,0,NA,34.81,MD-RB-KT,NA,1,1
5/13/2025,36C,S36C,36Cfemale,9h49,female,yes,1,male,0,1,0,NA,MD-RB-KT,1,1,0
5/13/2025,36C,S36C,36Cmale,9h49,male,yes,2,male,1,0,1,13.03,MD-RB-KT,NA,1,1
5/13/2025,36C,T36C,36Cfemale,9h51,female,yes,1,male,0,0,0,NA,MD-RB-KT,NA,1,0
5/13/2025,36C,T36C,36Cmale,9h51,male,yes,2,male,1,0,0,22,MD-RB-KT,NA,1,1
5/13/2025,36C,U36C,36Cfemale,9h53,female,yes,1,male,1,1,0,NA,MD-RB-KT,1,1,0
5/13/2025,36C,U36C,36Cmale,9h53,male,yes,2,male,1,0,1,13.21,MD-RB-KT,NA,1,1
5/13/2025,36C,V36C,36Cmale,9h54,male,no,1,male,1,0,0,NA,MD-RB-KT,NA,0,1
5/13/2025,36C,W36C,36Cfemale,9h56,female,yes,1,male,0,0,0,NA,MD-RB-KT,NA,1,0
5/13/2025,36C,W36C,36Cmale,9h56,male,yes,2,male,1,0,0,17.48,MD-RB-KT,NA,1,1
5/13/2025,36C,X36C,36Cfemale,9h59,female,yes,1,male,0,1,0,NA,MD-RB-KT,NA,1,0
5/13/2025,36C,X36C,36Cmale,9h59,male,yes,2,male,1,0,1,4.99,MD-RB-KT,NA,1,1
5/13/2025,36C,Y36C,36Cfemale,10h00,female,yes,1,male,0,0,0,NA,MD-RB-KT,NA,1,0
5/13/2025,36C,Y36C,36Cmale,10h00,male,yes,2,male,1,0,0,30.56,MD-RB-KT,NA,1,1
5/13/2025,36C,Z36C,36Cmale,10h01,male,no,1,male,1,0,0,NA,MD-RB-KT,NA,0,1
5/13/2025,36C,AA36C,36Cmale,10h03,male,yes,1,male,1,0,0,19.72,MD-RB-KT,NA,1,1
5/13/2025,36C,AA36C,36Cfemale,10h03,female,yes,2,male,0,0,0,NA,MD-RB-KT,NA,1,0
5/13/2025,36C,BB36C,36Cmale,10h04,male,no,1,male,1,0,0,NA,MD-RB-KT,NA,0,1
5/13/2025,36C,CC36C,36Cmale,10h05,male,no,1,male,1,0,0,NA,MD-RB-KT,NA,0,1
5/13/2025,36C,EE36C,36Cmale,10h08,male,no,1,male,1,0,0,NA,MD-RB-KT,NA,0,1
5/13/2025,36C,FF36C,36Cmale,10h10,male,yes,2,male,1,0,NA,NA,MD-RB-KT,NA,1,1
5/13/2025,36C,GG36C,36Cmale,10h11,male,no,1,male,1,0,0,NA,MD-RB-KT,NA,0,1
5/13/2025,36C,II36C,36Cfemale,10h16,female,yes,1,male,0,0,0,NA,MD-RB-KT,NA,1,0
5/13/2025,36C,II36C,36Cmale,10h16,male,yes,2,male,1,0,0,22.69,MD-RB-KT,NA,1,1
5/13/2025,36C,LL36C,36Cfemale,10h21,female,yes,1,male,0,1,0,NA,MD-RB-KT,NA,1,0
5/13/2025,36C,LL36C,36Cmale,10h21,male,yes,2,male,1,0,1,9.82,MD-RB-KT,NA,1,1
5/13/2025,36C,MM36C,36Cfemale,10h21,female,yes,1,male,1,0,NA,NA,MD-RB-KT,NA,1,0
5/13/2025,36C,NN36C,36Cfemale,10h25,female,yes,1,male,1,0,0,NA,MD-RB-KT,NA,1,0
5/13/2025,36C,NN36C,36Cmale,10h25,male,yes,2,male,1,0,0,16.62,MD-RB-KT,NA,1,1
5/13/2025,36C,PP36C,36Cfemale,10h27,female,yes,1,male,1,0,0,NA,MD-RB-KT,NA,1,0
5/13/2025,36C,PP36C,36Cmale,10h27,male,yes,2,male,1,0,0,10.18,MD-RB-KT,NA,1,1
5/13/2025,36C,TT36C,36Cmale,10h34,male,no,1,male,1,0,0,NA,MD-RB-KT,NA,0,1
5/13/2025,36C,VV36C,36Cmale,10h42,male,yes,2,female,0,0,1,NA,MD-RB-KT,NA,1,1
5/13/2025,36C,XX36C,36Cmale,10h44,male,no,1,male,1,0,0,NA,MD-RB-KT,NA,0,1
5/13/2025,36C,AAA36C,36Cmale,10h46,male,no,1,male,1,0,0,NA,MD-RB-KT,NA,0,1
5/13/2025,36C,GGG36C,36Cmale,11h00,male,yes,2,male,1,0,0,NA,MD-RB-KT,NA,1,1
5/13/2025,36C,GGG36C,36Cfemale,11h00,female,yes,1,male,1,0,0,NA,MD-RB-KT,NA,1,0
5/13/2025,36C,LLL36C,36Cfemale,11h04,female,yes,1,male,1,1,0,NA,MD-RB-KT,NA,1,0
5/13/2025,36C,LLL36C,36Cmale,11h04,male,yes,2,male,1,0,1,14.55,MD-RB-KT,NA,1,1
5/13/2025,36C,PPP36C,36Cmale,11h06,male,no,1,male,1,0,0,NA,MD-RB-KT,NA,0,1
5/13/2025,36C,RRR36C,36Cfemale,11h07,female,yes,1,male,1,1,0,NA,MD-RB-KT,NA,1,0
5/13/2025,36C,RRR36C,36Cmale,11h07,male,yes,2,male,1,0,1,NA,MD-RB-KT,NA,1,1
5/13/2025,36C,UUU36C,36Cmale,11h09,male,yes,2,male,1,0,0,10.18,MD-RB-KT,NA,1,1
5/13/2025,36C,UUU36C,36Cfemale,11h09,female,yes,1,male,1,0,0,NA,MD-RB-KT,NA,1,0
5/13/2025,36C,WWW36C,36Cmale,11h10,male,no,1,male,1,0,0,NA,MD-RB-KT,NA,0,1
5/13/2025,33C,A33C,33Cfemale,9h15,female,yes,1,NA,0,1,0,NA,ML-CH-SB,NA,1,0
5/13/2025,33C,A33C,33Cmale,9h15,male,yes,2,NA,0,0,1,NA,ML-CH-SB,NA,1,1
5/13/2025,33C,D33C,33Cmale,9h39,male,no,1,NA,0,1,0,NA,ML-CH-SB,NA,0,1
5/13/2025,33C,E33C,33Cfemale,9h47,female,yes,2,NA,0,0,0,NA,ML-CH-SB,NA,1,0
5/13/2025,33C,E33C,33Cmale,9h47,male,yes,1,NA,0,0,0,NA,ML-CH-SB,NA,1,1
5/13/2025,33C,F33C,33Cfemale,9h50,female,yes,1,NA,0,1,0,NA,ML-CH-SB,NA,1,0
5/13/2025,33C,F33C,33Cmale,9h50,male,yes,2,NA,0,0,1,NA,ML-CH-SB,NA,1,1
5/13/2025,33C,G33C,33Cfemale,9h51,female,yes,2,NA,0,1,0,NA,ML-CH-SB,NA,1,0
5/13/2025,33C,G33C,33Cmale,9h51,male,yes,1,NA,0,0,1,NA,ML-CH-SB,NA,1,1
5/13/2025,33C,H33C,33Cfemale,9h51,female,yes,2,NA,0,1,0,NA,ML-CH-SB,NA,1,0
5/13/2025,33C,H33C,33Cmale,9h51,male,yes,1,NA,0,0,1,NA,ML-CH-SB,NA,1,1
5/13/2025,33C,I33C,33Cfemale,9h52,female,yes,2,NA,0,1,0,NA,ML-CH-SB,NA,1,0
5/13/2025,33C,I33C,33Cmale,9h52,male,yes,1,NA,0,0,1,NA,ML-CH-SB,NA,1,1
5/13/2025,33C,J33C,33Cfemale,9h54,female,yes,2,NA,0,1,0,NA,ML-CH-SB,NA,1,0
5/13/2025,33C,J33C,33Cmale,9h54,male,yes,1,NA,0,0,1,NA,ML-CH-SB,NA,1,1
5/13/2025,33C,K33C,33Cfemale,9h57,female,no,1,NA,0,0,0,NA,ML-CH-SB,NA,0,0
5/13/2025,33C,K33C,33Cmale,9h58,male,no,1,NA,0,0,0,NA,ML-CH-SB,NA,0,1
5/13/2025,33C,L33C,33Cfemale,10h01,female,yes,1,NA,0,0,0,NA,ML-CH-SB,NA,1,0
5/13/2025,33C,L33C,33Cmale,10h01,male,yes,2,NA,0,0,0,NA,ML-CH-SB,NA,1,1
5/13/2025,33C,M33C,33Cfemale,10h03,female,yes,2,NA,0,1,0,NA,ML-CH-SB,NA,1,0
5/13/2025,33C,M33C,33Cmale,10h03,male,yes,1,NA,0,0,1,NA,ML-CH-SB,NA,1,1
5/13/2025,33C,N33C,33Cfemale,10h08,female,yes,2,NA,0,1,0,NA,ML-CH-SB,NA,1,0
5/13/2025,33C,O33C,33Cfemale,10h15,female,yes,1,NA,0,1,0,NA,ML-CH-SB,NA,1,0
5/13/2025,33C,Q33C,33Cfemale,10h19,female,yes,2,NA,0,0,0,NA,ML-CH-SB,NA,1,0
5/13/2025,33C,U33C,33Cmale,10h25,male,yes,2,NA,0,0,0,16.6,ML-CH-SB,NA,1,1
5/13/2025,33C,V33C,33Cfemale,10h27,female,yes,1,NA,0,1,0,NA,ML-CH-SB,NA,1,0
5/13/2025,33C,W33C,33Cfemale,10h28,female,yes,2,NA,0,0,0,NA,ML-CH-SB,NA,1,0
5/13/2025,33C,X33C,33Cfemale,10h33,female,yes,2,NA,0,1,0,NA,ML-CH-SB,NA,1,0
5/13/2025,33C,AA33C,33Cfemale,10h35,female,yes,1,NA,0,0,0,NA,ML-CH-SB,NA,1,0
5/13/2025,33C,II33C,33Cfemale,10h47,female,yes,1,NA,0,1,0,NA,ML-CH-SB,1,1,0
5/13/2025,33C,JJ33C,33Cfemale,10h48,female,yes,2,NA,0,0,0,NA,ML-CH-SB,NA,1,0
5/13/2025,33C,KK33C,33Cfemale,10h50,female,yes,2,NA,0,1,0,NA,ML-CH-SB,1,1,0
5/13/2025,33C,NN33C,33Cfemale,10h59,female,yes,1,NA,0,1,0,NA,ML-CH-SB,NA,1,0
5/13/2025,33C,OO33C,33Cmale,11h01,male,yes,2,NA,0,0,1,NA,ML-CH-SB,NA,1,1
5/13/2025,33C,OO33C,33Cfemale,11h01,female,yes,1,NA,0,1,0,NA,ML-CH-SB,NA,1,0
5/13/2025,33C,UU33C,33Cfemale,11h11,female,no,1,NA,1,0,0,NA,ML-CH-SB,NA,0,0
5/13/2025,36C,A36C,36Cfemale,9h02,female,yes,NA,NA,0,1,0,NA,MD-RB-KT,NA,1,0
5/13/2025,36C,A36C,36Cmale,9h02,male,yes,NA,NA,0,0,1,NA,MD-RB-KT,NA,1,1
5/13/2025,36C,B36C,36Cfemale,9h08,female,no,1,NA,0,0,0,NA,MD-RB-KT,NA,0,0
5/13/2025,36C,C36C,36Cfemale,9h10,female,yes,1,NA,0,1,0,NA,MD-RB-KT,NA,1,0
5/13/2025,36C,C36C,36Cmale,9h10,male,yes,2,NA,0,0,1,NA,MD-RB-KT,NA,1,1
5/13/2025,36C,D36C,36Cmale,9h16,male,no,1,NA,0,0,0,NA,MD-RB-KT,NA,0,1
5/13/2025,36C,E36C,36Cfemale,9h18,female,no,1,NA,0,0,0,NA,MD-RB-KT,NA,0,0
5/13/2025,36C,F36C,36Cfemale,9h21,female,yes,2,NA,0,1,0,NA,MD-RB-KT,NA,1,0
5/13/2025,36C,F36C,36Cmale,9h21,male,yes,1,NA,0,0,1,NA,MD-RB-KT,NA,1,1
5/13/2025,36C,G36C,36Cfemale,9h24,female,yes,2,NA,0,1,0,NA,MD-RB-KT,NA,1,0
5/13/2025,36C,G36C,36Cmale,9h24,male,yes,1,NA,0,0,1,NA,MD-RB-KT,NA,1,1
5/13/2025,36C,I36C,36Cmale,9h31,male,no,1,NA,0,0,0,NA,MD-RB-KT,NA,0,1
5/13/2025,36C,K36C,36Cmale,9h34,male,no,1,NA,0,0,0,NA,MD-RB-KT,NA,0,1
5/13/2025,36C,Q36C,36Cmale,9h45,male,yes,1,NA,0,0,0,NA,MD-RB-KT,NA,1,1
5/13/2025,36C,Q36C,36Cfemale,9h45,female,yes,2,NA,0,0,0,NA,MD-RB-KT,NA,1,0
5/13/2025,36C,DD36C,36Cfemale,10h07,female,no,1,NA,0,0,0,NA,MD-RB-KT,NA,0,0
5/13/2025,36C,HH36C,36Cfemale,10h14,female,no,1,NA,0,1,0,NA,MD-RB-KT,NA,0,0
5/13/2025,36C,KK36C,36Cfemale,10h19,female,yes,1,NA,0,1,0,NA,MD-RB-KT,NA,1,0
5/13/2025,36C,KK36C,36Cmale,10h19,male,yes,2,NA,0,0,0,NA,MD-RB-KT,NA,1,1
5/14/2025,53C,M53C,53Cmale,11h04,male,yes,2,female,1,0,0,125.89,MD-RB-CH,NA,1,1
5/14/2025,53C,M53C,53Cfemale,11h04,female,yes,1,male,1,0,0,NA,MD-RB-CH,NA,1,0
5/14/2025,53C,O53C,53Cfemale,11h09,female,no,1,female,1,0,0,NA,MD-RB-CH,NA,0,0
5/14/2025,53C,X53C,53Cfemale,11h26,female,yes,1,female,1,0,0,25.33,MD-RB-CH,NA,1,0
5/14/2025,53C,X53C,53Cmale,11h26,male,yes,2,female,0,0,0,NA,MD-RB-CH,NA,1,1
5/14/2025,53C,Y53C,53Cfemale,11h28,female,yes,1,female,1,0,0,51.36,MD-RB-CH,NA,1,0
5/14/2025,53C,Y53C,53Cmale,11h28,male,yes,2,female,1,0,0,NA,MD-RB-CH,NA,1,1
5/14/2025,53C,Z53C,53Cfemale,11h28,female,no,1,female,1,0,0,NA,MD-RB-CH,NA,0,0
5/14/2025,53C,BB53C,53Cfemale,11h30,female,yes,NA,female,1,0,0,4.03,MD-RB-CH,NA,1,0
5/14/2025,53C,BB53C,53Cmale,11h30,male,yes,NA,female,0,0,0,NA,MD-RB-CH,NA,1,1
5/14/2025,53C,CC53C,53Cfemale,11h32,female,yes,2,female,1,0,0,87.88,MD-RB-CH,NA,1,0
5/14/2025,53C,CC53C,53Cmale,11h32,male,yes,1,female,1,0,0,NA,MD-RB-CH,NA,1,1
5/14/2025,53C,N53C,53Cfemale,11h09,female,yes,1,male,0,0,0,NA,MD-RB-CH,NA,1,0
5/14/2025,53C,N53C,53Cmale,11h09,male,yes,2,male,1,0,0,48.39,MD-RB-CH,NA,1,1
5/14/2025,53C,P53C,53Cmale,11h09,male,no,1,male,1,0,0,NA,MD-RB-CH,NA,0,1
5/14/2025,53C,Q53C,53Cfemale,11h10,female,yes,2,male,1,0,0,NA,MD-RB-CH,NA,1,0
5/14/2025,53C,Q53C,53Cmale,11h10,male,yes,1,male,1,0,0,NA,MD-RB-CH,NA,1,1
5/14/2025,53C,R53C,53Cfemale,11h12,female,yes,2,male,0,0,0,NA,MD-RB-CH,NA,1,0
5/14/2025,53C,R53C,53Cmale,11h12,male,yes,1,male,1,0,0,29.99,MD-RB-CH,NA,1,1
5/14/2025,53C,T53C,53Cfemale,11h19,female,yes,2,male,0,0,0,NA,MD-RB-CH,NA,1,0
5/14/2025,53C,T53C,53Cmale,11h19,male,yes,1,male,1,0,0,44.89,MD-RB-CH,NA,1,1
5/14/2025,53C,U53C,53Cfemale,11h19,female,yes,1,male,0,0,0,NA,MD-RB-CH,NA,1,0
5/14/2025,53C,U53C,53Cmale,11h19,male,yes,2,male,1,0,0,4.9,MD-RB-CH,NA,1,1
5/14/2025,53C,W53C,53Cmale,11h24,male,no,1,male,1,0,0,NA,MD-RB-CH,NA,0,1
5/14/2025,53C,AA53C,53Cmale,11h29,male,yes,2,male,1,0,NA,9.86,MD-RB-CH,NA,1,1
5/14/2025,53C,A53C,53Cfemale,9h18,female,yes,NA,NA,0,0,0,NA,MD-RB-CH,NA,1,0
5/14/2025,53C,A53C,53Cmale,9h18,male,yes,NA,NA,0,0,0,NA,MD-RB-CH,NA,1,1
5/14/2025,53C,D53C,53Cfemale,9h48,female,yes,NA,NA,0,0,0,NA,MD-RB-CH,NA,1,0
5/14/2025,53C,D53C,53Cmale,9h48,male,yes,NA,NA,0,0,0,NA,MD-RB-CH,NA,1,1
5/14/2025,53C,E53C,53Cfemale,9h54,female,yes,2,NA,0,0,0,NA,MD-RB-CH,NA,1,0
5/14/2025,53C,E53C,53Cmale,9h54,male,yes,1,NA,0,0,0,NA,MD-RB-CH,NA,1,1
5/14/2025,53C,F53C,53Cfemale,10h09,female,yes,1,NA,0,0,0,NA,MD-RB-CH,NA,1,0
5/14/2025,53C,F53C,53Cmale,10h09,male,yes,2,NA,0,0,0,NA,MD-RB-CH,NA,1,1
5/14/2025,53C,G53C,53Cfemale,10h12,female,yes,2,NA,0,0,0,NA,MD-RB-CH,NA,1,0
5/14/2025,53C,G53C,53Cmale,10h12,male,yes,1,NA,0,0,0,NA,MD-RB-CH,NA,1,1
5/14/2025,53C,H53C,53Cfemale,10h20,female,yes,2,NA,0,0,0,NA,MD-RB-CH,NA,1,0
5/14/2025,53C,H53C,53Cmale,10h20,male,yes,1,NA,0,0,0,NA,MD-RB-CH,NA,1,1
5/14/2025,53C,I53C,53Cfemale,10h27,female,yes,1,NA,0,0,0,NA,MD-RB-CH,NA,1,0
5/14/2025,53C,I53C,53Cmale,10h27,male,yes,2,NA,0,0,0,NA,MD-RB-CH,NA,1,1
5/14/2025,53C,J53C,53Cfemale,10h33,female,yes,1,NA,0,0,0,NA,MD-RB-CH,NA,1,0
5/14/2025,53C,J53C,53Cmale,10h33,male,yes,2,NA,0,0,0,NA,MD-RB-CH,NA,1,1
5/14/2025,53C,K53C,53Cfemale,10h43,female,yes,2,NA,0,0,0,NA,MD-RB-CH,NA,1,0
5/14/2025,53C,K53C,53Cmale,10h43,male,yes,1,NA,0,0,0,NA,MD-RB-CH,NA,1,1
5/14/2025,53C,L53C,53Cfemale,11h01,female,yes,NA,NA,0,0,0,NA,MD-RB-CH,NA,1,0
5/14/2025,53C,L53C,53Cmale,11h01,male,yes,NA,NA,0,0,0,NA,MD-RB-CH,NA,1,1
5/14/2025,53C,S53C,53Cmale,11h15,male,yes,NA,NA,0,0,0,NA,MD-RB-CH,NA,1,1
5/14/2025,53C,S53C,53Cfemale,11h15,female,yes,NA,NA,0,0,0,NA,MD-RB-CH,NA,1,0
5/14/2025,53C,V53C,53Cfemale,11h21,female,yes,2,NA,0,1,0,NA,MD-RB-CH,NA,1,0
5/14/2025,53C,V53C,53Cmale,11h21,male,yes,1,NA,0,0,1,NA,MD-RB-CH,NA,1,1
5/14/2025,45B,A45B,45Bfemale,9h39,female,yes,1,NA,0,1,0,NA,ML-SB-KT,NA,1,0
5/14/2025,45B,A45B,45Bmale,9h39,male,yes,2,NA,0,0,1,NA,ML-SB-KT,NA,1,1
5/14/2025,45B,B45B,45Bfemale,9h44,female,no,1,NA,0,1,0,NA,ML-SB-KT,NA,0,0
5/14/2025,45B,C45B,45Bfemale,10h05,female,yes,2,NA,0,1,0,NA,ML-SB-KT,NA,1,0
5/14/2025,45B,C45B,45Bmale,10h05,male,yes,1,NA,0,0,1,NA,ML-SB-KT,NA,1,1
5/14/2025,45B,D45B,45Bfemale,10h22,female,no,1,NA,0,0,0,NA,ML-SB-KT,NA,0,0
5/14/2025,45B,E45B,45Bfemale,10h34,female,no,1,NA,0,0,0,NA,ML-SB-KT,NA,0,0
5/14/2025,45B,F45B,45Bfemale,10h36,female,no,1,NA,0,0,0,NA,ML-SB-KT,NA,0,0
5/14/2025,45B,G45B,45Bmale,10h37,male,no,1,NA,0,0,0,NA,ML-SB-KT,NA,0,1
5/14/2025,45B,H45B,45Bfemale,10h42,female,no,1,NA,0,0,0,NA,ML-SB-KT,NA,0,0
5/14/2025,45B,I45B,45Bmale,10h44,male,no,1,NA,0,0,0,NA,ML-SB-KT,NA,0,1
5/14/2025,45B,J45B,45Bfemale,10h49,female,no,1,NA,0,0,0,NA,ML-SB-KT,NA,0,0
5/14/2025,45B,K45B,45Bfemale,10h57,female,no,1,NA,0,0,0,NA,ML-SB-KT,NA,0,0
5/14/2025,45B,L45B,45Bfemale,11h02,female,no,1,NA,0,0,0,NA,ML-SB-KT,NA,0,0
5/14/2025,45B,M45B,45Bfemale,11h05,female,no,1,NA,0,0,0,NA,ML-SB-KT,NA,0,0
5/14/2025,45B,N45B,45Bfemale,11h09,female,no,1,NA,0,0,0,NA,ML-SB-KT,NA,0,0
5/14/2025,45B,O45B,45Bfemale,11h12,female,no,1,NA,0,0,0,NA,ML-SB-KT,NA,0,0
5/14/2025,45B,P45B,45Bfemale,11h15,female,no,1,NA,0,0,0,NA,ML-SB-KT,NA,0,0
5/14/2025,45B,Q45B,45Bfemale,11h18,female,no,1,NA,0,0,0,NA,ML-SB-KT,NA,0,0
5/14/2025,45B,R45B,45Bfemale,11h20,female,no,1,NA,0,0,0,NA,ML-SB-KT,NA,0,0
9/5/2025,34C,A34C,34Cmale,9h54,male,no,1,NA,0,0,0,NA,KT-CH-SB,NA,0,1
9/5/2025,34C,B34C,34Cmale,10h00,male,no,1,NA,0,0,0,NA,KT-CH-SB,NA,0,1
9/5/2025,34C,C34C,34Cmale,10h06,male,no,1,NA,0,0,0,NA,KT-CH-SB,NA,0,1
9/5/2025,34C,D34C,34Cmale,10h34,male,yes,1,NA,0,0,0,NA,KT-CH-SB,NA,1,1
9/5/2025,34C,D34C,34Cfemale,10h34,female,yes,2,NA,0,0,0,NA,KT-CH-SB,NA,1,0
9/5/2025,34C,E34C,34Cmale,10h38,male,yes,1,NA,0,0,1,NA,KT-CH-SB,NA,1,1
9/5/2025,34C,E34C,34Cfemale,10h38,female,yes,2,NA,0,1,0,NA,KT-CH-SB,NA,1,0
9/5/2025,34C,F34C,34Cmale,10h45,male,yes,1,NA,0,0,1,NA,KT-CH-SB,NA,1,1
9/5/2025,34C,F34C,34Cfemale,10h45,female,yes,2,NA,0,1,0,NA,KT-CH-SB,NA,1,0
9/5/2025,34C,G34C,34Cmale,11h11,male,no,1,NA,0,0,0,NA,KT-CH-SB,NA,0,1
